{"format_version":"1.10.0","animation_controllers":{"controller.animation.shrinker":{"states":{"default":{"transitions":[{"normal":"query.mark_variant == 2 && query.is_sneaking && query.variant == 704 && variable.attack_time"},{"x2":"query.mark_variant == 2 && query.is_sneaking && query.variant == 700 && variable.attack_time"},{"x3":"query.mark_variant == 2 && query.is_sneaking && query.variant == 701 && variable.attack_time"},{"x4":"query.mark_variant == 2 && query.is_sneaking && query.variant == 702 && variable.attack_time"},{"x5":"query.mark_variant == 2 && query.is_sneaking && query.variant == 703 && variable.attack_time"},{"normal":"!query.is_sneaking && query.mark_variant == 1 && (query.variant == 701 || query.variant == 702 || query.variant == 703 || query.variant == 704 || query.variant == 705)"}]},"x2":{"on_entry":["/title @s actionbar §lx2","@s x2","/tag @s add x2","/tag @s remove x3","/tag @s remove x4","/tag @s remove x5","/tag @s remove normal"],"transitions":[{"default":"!variable.attack_time"}]},"x3":{"on_entry":["/title @s actionbar §lx3","@s x3","/tag @s remove x2","/tag @s add x3","/tag @s remove x4","/tag @s remove x5","/tag @s remove normal"],"transitions":[{"default":"!variable.attack_time"}]},"x4":{"on_entry":["/title @s actionbar §lx4","@s x4","/tag @s remove x2","/tag @s remove x3","/tag @s add x4","/tag @s remove x5","/tag @s remove normal"],"transitions":[{"default":"!variable.attack_time"}]},"x5":{"on_entry":["/title @s actionbar §lx5","@s x5","/tag @s remove x2","/tag @s remove x3","/tag @s remove x4","/tag @s add x5","/tag @s remove normal"],"transitions":[{"default":"!variable.attack_time"}]},"normal":{"on_entry":["/title @s actionbar §lNORMAL","@s normal","/tag @s remove x2","/tag @s remove x3","/tag @s remove x4","/tag @s remove x5","/tag @s add normal","/tag @s remove \"0.5\"","/tag @s remove \"0.4\"","/tag @s remove \"0.3\"","/tag @s remove \"0.2\"","/tag @s remove \"0.1\""],"transitions":[{"default":"!variable.attack_time"}]}}},"controller.animation.expander":{"states":{"default":{"transitions":[{"normal":"query.mark_variant == 1 && query.is_sneaking && query.variant == 695 && variable.attack_time"},{"0.5":"query.mark_variant == 1 && query.is_sneaking && query.variant == 700 && variable.attack_time"},{"0.4":"query.mark_variant == 1 && query.is_sneaking && query.variant == 699 && variable.attack_time"},{"0.3":"query.mark_variant == 1 && query.is_sneaking && query.variant == 698 && variable.attack_time"},{"0.2":"query.mark_variant == 1 && query.is_sneaking && query.variant == 697 && variable.attack_time"},{"0.1":"query.mark_variant == 1 && query.is_sneaking && query.variant == 696 && variable.attack_time"},{"normal":"!query.is_sneaking && query.mark_variant == 2 && (query.variant == 699 || query.variant == 698 || query.variant == 697 || query.variant == 696 || query.variant == 695)"}]},"0.5":{"on_entry":["/title @s actionbar §lx0.5","@s 0.5","/tag @s add \"0.5\"","/tag @s remove \"0.4\"","/tag @s remove \"0.3\"","/tag @s remove \"0.2\"","/tag @s remove \"0.1\"","/tag @s remove normal"],"transitions":[{"default":"!variable.attack_time"}]},"0.4":{"transitions":[{"default":"!variable.attack_time"}],"on_entry":["/title @s actionbar §lx0.4","@s 0.4","/tag @s remove \"0.5\"","/tag @s add \"0.4\"","/tag @s remove \"0.3\"","/tag @s remove \"0.2\"","/tag @s remove \"0.1\"","/tag @s remove normal"]},"0.3":{"transitions":[{"default":"!variable.attack_time"}],"on_entry":["/title @s actionbar §lx0.3","@s 0.3","/tag @s remove \"0.5\"","/tag @s remove \"0.4\"","/tag @s add \"0.3\"","/tag @s remove \"0.2\"","/tag @s remove \"0.1\"","/tag @s remove normal"]},"0.2":{"transitions":[{"default":"!variable.attack_time"}],"on_entry":["/title @s actionbar §lx0.2","@s 0.2","/tag @s remove \"0.5\"","/tag @s remove \"0.4\"","/tag @s remove \"0.3\"","/tag @s add \"0.2\"","/tag @s remove \"0.1\"","/tag @s remove normal"]},"0.1":{"transitions":[{"default":"!variable.attack_time"}],"on_entry":["/title @s actionbar §lx0.1","@s 0.1","/tag @s remove \"0.5\"","/tag @s remove \"0.4\"","/tag @s remove \"0.3\"","/tag @s remove \"0.2\"","/tag @s add \"0.1\"","/tag @s remove normal"]},"normal":{"transitions":[{"default":"!variable.attack_time"}],"on_entry":["/title @s actionbar §lNORMAL","@s normal","/tag @s remove x2","/tag @s remove x3","/tag @s remove x4","/tag @s remove x5","/tag @s add normal","/tag @s remove \"0.5\"","/tag @s remove \"0.4\"","/tag @s remove \"0.3\"","/tag @s remove \"0.2\"","/tag @s remove \"0.1\""]}}},"controller.animation.shoot":{"states":{"default":{"transitions":[{"shoot-expand":"query.mark_variant == 1 && query.is_using_item"},{"shoot-shrink":"query.mark_variant == 2 && query.is_using_item"}]},"shoot-expand":{"on_entry":["@s projectile"],"transitions":[{"default":"!query.is_using_item"}]},"shoot-shrink":{"on_entry":["@s projectile"],"transitions":[{"default":"!query.is_using_item"}]}}},"controller.animation.info":{"states":{"default":{"transitions":[{"info":"query.mark_variant == 1 && query.is_sneaking"},{"info":"query.mark_variant == 2 && query.is_sneaking"}]},"info":{"on_entry":["/tellraw @s {\"rawtext\":[{\"text\":\"§l§2USAGE: \n§r- Equip the Resizer Gun\n- Go sneak\n- Press attack to change firing mode\n\nCreated by Coptaine\"}]}","/gamerule sendcommandfeedback false"],"transitions":[{"default":"query.mark_variant =! 1 && query.mark_variant != 2"},{"default":"!query.is_sneaking"}]}}}}}