{"format_version":"1.8.0","render_controllers":{"controller.render.player.first_person":{"arrays":{"textures":{"Array.textures":["Texture.default","Texture.cda002_blaze","Texture.cda002_creeper","Texture.cda002_drowned","Texture.cda002_elder_guardian","Texture.cda002_endermite","Texture.cda002_evoker","Texture.cda002_ghast","Texture.cda002_guardian","Texture.cda002_hoglin","Texture.cda002_husk","Texture.cda002_magma_cube","Texture.cda002_phantom","Texture.cda002_piglin_brute","Texture.cda002_pillager","Texture.cda002_ravager","Texture.cda002_shulker","Texture.cda002_silverfish","Texture.cda002_skeleton","Texture.cda002_slime","Texture.cda002_stray","Texture.cda002_vex","Texture.cda002_vindicator","Texture.cda002_witch","Texture.cda002_wither_skeleton","Texture.cda002_zoglin","Texture.cda002_zombie","Texture.cda002_zombie_villager","Texture.cda002_bee","Texture.cda002_cave_spider","Texture.cda002_dolphin","Texture.cda002_enderman","Texture.cda002_iron_golem","Texture.cda002_llama","Texture.cda002_piglin","Texture.cda002_panda","Texture.cda002_polar_bear","Texture.cda002_spider","Texture.cda002_wolf","Texture.cda002_zombified_piglin","Texture.cda002_bat","Texture.cda002_cat","Texture.cda002_chicken","Texture.cda002_cod","Texture.cda002_cow","Texture.cda002_donkey","Texture.cda002_fox","Texture.cda002_horse","Texture.cda002_mooshroom","Texture.cda002_mule","Texture.cda002_ocelot","Texture.cda002_parrot","Texture.cda002_pig","Texture.cda002_pufferfish","Texture.cda002_rabbit","Texture.cda002_salmon","Texture.cda002_sheep","Texture.cda002_skeleton_horse","Texture.cda002_snow_golem","Texture.cda002_squid","Texture.cda002_strider","Texture.cda002_tropical_fish","Texture.cda002_turtle","Texture.cda002_villager","Texture.cda002_wandering_trader","Texture.cda002_ender_dragon","Texture.cda002_wither","Texture.cda002_agent","Texture.cda002_npc","Texture.cda002_axolotl","Texture.cda002_glow_squid","Texture.cda002_goat"]},"materials":{"Array.materials":["Material.default","Material.cda002_blaze_body","Material.cda002_creeper","Material.cda002_drowned","Material.cda002_elder_guardian","Material.cda002_endermite","Material.cda002_evoker","Material.cda002_ghast","Material.cda002_guardian","Material.cda002_hoglin","Material.cda002_husk","Material.cda002_magma_cube","Material.cda002_phantom","Material.cda002_piglin_brute","Material.cda002_pillager","Material.cda002_ravager","Material.cda002_shulker","Material.cda002_silverfish","Material.cda002_skeleton","Material.cda002_slime","Material.cda002_stray","Material.cda002_vex","Material.cda002_vindicator","Material.cda002_witch","Material.cda002_wither_skeleton","Material.cda002_zoglin","Material.cda002_zombie","Material.cda002_zombie_villager","Material.cda002_bee","Material.cda002_cave_spider","Material.cda002_dolphin","Material.cda002_enderman","Material.cda002_iron_golem","Material.cda002_llama","Material.cda002_piglin","Material.cda002_panda","Material.cda002_polar_bear","Material.cda002_spider","Material.cda002_wolf","Material.cda002_zombified_piglin","Material.cda002_bat","Material.cda002_cat","Material.cda002_chicken","Material.cda002_cod","Material.cda002_cow","Material.cda002_donkey","Material.cda002_fox","Material.cda002_horse","Material.cda002_mooshroom","Material.cda002_mule","Material.cda002_ocelot","Material.cda002_parrot","Material.cda002_pig","Material.cda002_pufferfish","Material.cda002_rabbit","Material.cda002_salmon","Material.cda002_sheep","Material.cda002_skeleton_horse","Material.cda002_snow_golem","Material.cda002_squid","Material.cda002_strider","Material.cda002_tropical_fish","Material.cda002_turtle","Material.cda002_villager","Material.cda002_wandering_trader","Material.cda002_ender_dragon","Material.cda002_wither","Material.cda002_agent","Material.cda002_npc","Material.cda002_axolotl","Material.cda002_glow_squid","Material.cda002_goat"]},"geometries":{"Array.geometries":["Geometry.default","Geometry.cda002_blaze","Geometry.cda002_creeper","Geometry.cda002_drowned","Geometry.cda002_elder_guardian","Geometry.cda002_endermite","Geometry.cda002_evoker","Geometry.cda002_ghast","Geometry.cda002_guardian","Geometry.cda002_hoglin","Geometry.cda002_husk","Geometry.cda002_magma_cube","Geometry.cda002_phantom","Geometry.cda002_piglin_brute","Geometry.cda002_pillager","Geometry.cda002_ravager","Geometry.cda002_shulker","Geometry.cda002_silverfish","Geometry.cda002_skeleton","Geometry.cda002_slime","Geometry.cda002_stray","Geometry.cda002_vex","Geometry.cda002_vindicator","Geometry.cda002_witch","Geometry.cda002_wither_skeleton","Geometry.cda002_zoglin","Geometry.cda002_zombie","Geometry.cda002_zombie_villager","Geometry.cda002_bee","Geometry.cda002_cave_spider","Geometry.cda002_dolphin","Geometry.cda002_enderman","Geometry.cda002_iron_golem","Geometry.cda002_llama","Geometry.cda002_piglin","Geometry.cda002_panda","Geometry.cda002_polar_bear","Geometry.cda002_spider","Geometry.cda002_wolf","Geometry.cda002_zombified_piglin","Geometry.cda002_bat","Geometry.cda002_cat","Geometry.cda002_chicken","Geometry.cda002_cod","Geometry.cda002_cow","Geometry.cda002_donkey","Geometry.cda002_fox","Geometry.cda002_horse","Geometry.cda002_mooshroom","Geometry.cda002_mule","Geometry.cda002_ocelot","Geometry.cda002_parrot","Geometry.cda002_pig","Geometry.cda002_pufferfish","Geometry.cda002_rabbit","Geometry.cda002_salmon","Geometry.cda002_sheep","Geometry.cda002_skeleton_horse","Geometry.cda002_snow_golem","Geometry.cda002_squid","Geometry.cda002_strider","Geometry.cda002_tropical_fish","Geometry.cda002_turtle","Geometry.cda002_villager","Geometry.cda002_wandering_trader","Geometry.cda002_ender_dragon","Geometry.cda002_wither","Geometry.cda002_agent","Geometry.cda002_npc","Geometry.cda002_axolotl","Geometry.cda002_glow_squid","Geometry.cda002_goat"]}},"geometry":"Array.geometries[q.variant]","materials":[{"*":"Array.materials[q.variant]"},{"head":"q.variant==1?Material.cda002_blaze_head"},{"bodyLayer_*":"q.variant==17?Material.cda002_silverfish_body_layer"},{"leg*":"q.variant==42?Material.cda002_chicken_legs"},{"head":"q.variant==58?Material.cda002_snow_golem_head"},{"*arm":"q.mark_variant==69?Material.cda002_axolotl_limbs"},{"*leg":"q.mark_variant==69?Material.cda002_axolotl_limbs"},{"*":"q.variant==1||(q.variant!=42&&q.variant!=17)?Array.materials[q.variant]"}],"textures":["Array.textures[q.variant]"],"part_visibility":[{"*":false},{"rightArm":"q.get_equipped_item_name(0,1)==''||q.get_equipped_item_name(0,1)=='map'"},{"rightSleeve":"q.get_equipped_item_name(0,1)==''||q.get_equipped_item_name(0,1)=='map'"},{"leftArm":"(q.get_equipped_item_name(0,1)=='map'&&q.get_equipped_item_name('off_hand')!='shield')||(q.get_equipped_item_name('off_hand')=='map'&&!q.item_is_charged)||(!q.item_is_charged&&(v.item_use_normalized>0&&v.item_use_normalized<1.0))"},{"leftSleeve":"(q.get_equipped_item_name(0,1)=='map'&&q.get_equipped_item_name('off_hand')!='shield')||(q.get_equipped_item_name('off_hand')=='map'&&!q.item_is_charged)||(!q.item_is_charged&&(v.item_use_normalized>0&&v.item_use_normalized<1.0))"}]},"controller.render.player.third_person":{"arrays":{"textures":{"Array.textures":["Texture.default","Texture.cda002_blaze","Texture.cda002_creeper","Texture.cda002_drowned","Texture.cda002_elder_guardian","Texture.cda002_endermite","Texture.cda002_evoker","Texture.cda002_ghast","Texture.cda002_guardian","Texture.cda002_hoglin","Texture.cda002_husk","Texture.cda002_magma_cube","Texture.cda002_phantom","Texture.cda002_piglin_brute","Texture.cda002_pillager","Texture.cda002_ravager","Texture.cda002_shulker","Texture.cda002_silverfish","Texture.cda002_skeleton","Texture.cda002_slime","Texture.cda002_stray","Texture.cda002_vex","Texture.cda002_vindicator","Texture.cda002_witch","Texture.cda002_wither_skeleton","Texture.cda002_zoglin","Texture.cda002_zombie","Texture.cda002_zombie_villager","Texture.cda002_bee","Texture.cda002_cave_spider","Texture.cda002_dolphin","Texture.cda002_enderman","Texture.cda002_iron_golem","Texture.cda002_llama","Texture.cda002_piglin","Texture.cda002_panda","Texture.cda002_polar_bear","Texture.cda002_spider","Texture.cda002_wolf","Texture.cda002_zombified_piglin","Texture.cda002_bat","Texture.cda002_cat","Texture.cda002_chicken","Texture.cda002_cod","Texture.cda002_cow","Texture.cda002_donkey","Texture.cda002_fox","Texture.cda002_horse","Texture.cda002_mooshroom","Texture.cda002_mule","Texture.cda002_ocelot","Texture.cda002_parrot","Texture.cda002_pig","Texture.cda002_pufferfish","Texture.cda002_rabbit","Texture.cda002_salmon","Texture.cda002_sheep","Texture.cda002_skeleton_horse","Texture.cda002_snow_golem","Texture.cda002_squid","Texture.cda002_strider","Texture.cda002_tropical_fish","Texture.cda002_turtle","Texture.cda002_villager","Texture.cda002_wandering_trader","Texture.cda002_ender_dragon","Texture.cda002_wither","Texture.cda002_agent","Texture.cda002_npc","Texture.cda002_axolotl","Texture.cda002_glow_squid","Texture.cda002_goat"]},"materials":{"Array.materials":["Material.default","Material.cda002_blaze_body","Material.cda002_creeper","Material.cda002_drowned","Material.cda002_elder_guardian","Material.cda002_endermite","Material.cda002_evoker","Material.cda002_ghast","Material.cda002_guardian","Material.cda002_hoglin","Material.cda002_husk","Material.cda002_magma_cube","Material.cda002_phantom","Material.cda002_piglin_brute","Material.cda002_pillager","Material.cda002_ravager","Material.cda002_shulker","Material.cda002_silverfish","Material.cda002_skeleton","Material.cda002_slime","Material.cda002_stray","Material.cda002_vex","Material.cda002_vindicator","Material.cda002_witch","Material.cda002_wither_skeleton","Material.cda002_zoglin","Material.cda002_zombie","Material.cda002_zombie_villager","Material.cda002_bee","Material.cda002_cave_spider","Material.cda002_dolphin","Material.cda002_enderman","Material.cda002_iron_golem","Material.cda002_llama","Material.cda002_piglin","Material.cda002_panda","Material.cda002_polar_bear","Material.cda002_spider","Material.cda002_wolf","Material.cda002_zombified_piglin","Material.cda002_bat","Material.cda002_cat","Material.cda002_chicken","Material.cda002_cod","Material.cda002_cow","Material.cda002_donkey","Material.cda002_fox","Material.cda002_horse","Material.cda002_mooshroom","Material.cda002_mule","Material.cda002_ocelot","Material.cda002_parrot","Material.cda002_pig","Material.cda002_pufferfish","Material.cda002_rabbit","Material.cda002_salmon","Material.cda002_sheep","Material.cda002_skeleton_horse","Material.cda002_snow_golem","Material.cda002_squid","Material.cda002_strider","Material.cda002_tropical_fish","Material.cda002_turtle","Material.cda002_villager","Material.cda002_wandering_trader","Material.cda002_ender_dragon","Material.cda002_wither","Material.cda002_agent","Material.cda002_npc","Material.cda002_axolotl","Material.cda002_glow_squid","Material.cda002_goat"]},"geometries":{"Array.geometries":["Geometry.default","Geometry.cda002_blaze","Geometry.cda002_creeper","Geometry.cda002_drowned","Geometry.cda002_elder_guardian","Geometry.cda002_endermite","Geometry.cda002_evoker","Geometry.cda002_ghast","Geometry.cda002_guardian","Geometry.cda002_hoglin","Geometry.cda002_husk","Geometry.cda002_magma_cube","Geometry.cda002_phantom","Geometry.cda002_piglin_brute","Geometry.cda002_pillager","Geometry.cda002_ravager","Geometry.cda002_shulker","Geometry.cda002_silverfish","Geometry.cda002_skeleton","Geometry.cda002_slime","Geometry.cda002_stray","Geometry.cda002_vex","Geometry.cda002_vindicator","Geometry.cda002_witch","Geometry.cda002_wither_skeleton","Geometry.cda002_zoglin","Geometry.cda002_zombie","Geometry.cda002_zombie_villager","Geometry.cda002_bee","Geometry.cda002_cave_spider","Geometry.cda002_dolphin","Geometry.cda002_enderman","Geometry.cda002_iron_golem","Geometry.cda002_llama","Geometry.cda002_piglin","Geometry.cda002_panda","Geometry.cda002_polar_bear","Geometry.cda002_spider","Geometry.cda002_wolf","Geometry.cda002_zombified_piglin","Geometry.cda002_bat","Geometry.cda002_cat","Geometry.cda002_chicken","Geometry.cda002_cod","Geometry.cda002_cow","Geometry.cda002_donkey","Geometry.cda002_fox","Geometry.cda002_horse","Geometry.cda002_mooshroom","Geometry.cda002_mule","Geometry.cda002_ocelot","Geometry.cda002_parrot","Geometry.cda002_pig","Geometry.cda002_pufferfish","Geometry.cda002_rabbit","Geometry.cda002_salmon","Geometry.cda002_sheep","Geometry.cda002_skeleton_horse","Geometry.cda002_snow_golem","Geometry.cda002_squid","Geometry.cda002_strider","Geometry.cda002_tropical_fish","Geometry.cda002_turtle","Geometry.cda002_villager","Geometry.cda002_wandering_trader","Geometry.cda002_ender_dragon","Geometry.cda002_wither","Geometry.cda002_agent","Geometry.cda002_npc","Geometry.cda002_axolotl","Geometry.cda002_glow_squid","Geometry.cda002_goat"]}},"geometry":"Array.geometries[q.variant]","materials":[{"*":"Array.materials[q.variant]"},{"head":"q.variant==1?Material.cda002_blaze_head"},{"bodyLayer_*":"q.variant==17?Material.cda002_silverfish_body_layer"},{"leg*":"q.variant==42?Material.cda002_chicken_legs"},{"head":"q.variant==58?Material.cda002_snow_golem_head"},{"*arm":"q.mark_variant==69?Material.cda002_axolotl_limbs"},{"*leg":"q.mark_variant==69?Material.cda002_axolotl_limbs"},{"*":"q.variant==1||(q.variant!=42&&q.variant!=17)?Array.materials[q.variant]"}],"textures":["Array.textures[q.variant]"],"part_visibility":[{"*":true},{"helmet":"v.helmet_layer_visible"},{"leftLegging":"v.leg_layer_visible"},{"rightLegging":"v.leg_layer_visible"},{"leftBoot":"v.boot_layer_visible"},{"rightBoot":"v.boot_layer_visible"},{"leftSock":"v.boot_layer_visible&&v.leg_layer_visible"},{"rightSock":"v.boot_layer_visible&&v.leg_layer_visible"},{"bodyArmor":"v.chest_layer_visible&&!q.has_cape"},{"leftArmArmor":"v.chest_layer_visible&&!q.has_cape"},{"rightArmArmor":"v.chest_layer_visible&&!q.has_cape"},{"belt":"v.chest_layer_visible&&v.leg_layer_visible"},{"Ear*":"(q.variant==45||q.variant==49)?false"},{"Bag*":"(q.variant==47||q.variant==57)?false"},{"MuleEar*":"(q.variant==47)?false"}]},"controller.render.player.map":{"arrays":{"textures":{"Array.textures":["Texture.default","Texture.cda002_blaze","Texture.cda002_creeper","Texture.cda002_drowned","Texture.cda002_elder_guardian","Texture.cda002_endermite","Texture.cda002_evoker","Texture.cda002_ghast","Texture.cda002_guardian","Texture.cda002_hoglin","Texture.cda002_husk","Texture.cda002_magma_cube","Texture.cda002_phantom","Texture.cda002_piglin_brute","Texture.cda002_pillager","Texture.cda002_ravager","Texture.cda002_shulker","Texture.cda002_silverfish","Texture.cda002_skeleton","Texture.cda002_slime","Texture.cda002_stray","Texture.cda002_vex","Texture.cda002_vindicator","Texture.cda002_witch","Texture.cda002_wither_skeleton","Texture.cda002_zoglin","Texture.cda002_zombie","Texture.cda002_zombie_villager","Texture.cda002_bee","Texture.cda002_cave_spider","Texture.cda002_dolphin","Texture.cda002_enderman","Texture.cda002_iron_golem","Texture.cda002_llama","Texture.cda002_piglin","Texture.cda002_panda","Texture.cda002_polar_bear","Texture.cda002_spider","Texture.cda002_wolf","Texture.cda002_zombified_piglin","Texture.cda002_bat","Texture.cda002_cat","Texture.cda002_chicken","Texture.cda002_cod","Texture.cda002_cow","Texture.cda002_donkey","Texture.cda002_fox","Texture.cda002_horse","Texture.cda002_mooshroom","Texture.cda002_mule","Texture.cda002_ocelot","Texture.cda002_parrot","Texture.cda002_pig","Texture.cda002_pufferfish","Texture.cda002_rabbit","Texture.cda002_salmon","Texture.cda002_sheep","Texture.cda002_skeleton_horse","Texture.cda002_snow_golem","Texture.cda002_squid","Texture.cda002_strider","Texture.cda002_tropical_fish","Texture.cda002_turtle","Texture.cda002_villager","Texture.cda002_wandering_trader","Texture.cda002_ender_dragon","Texture.cda002_wither","Texture.cda002_agent","Texture.cda002_npc","Texture.cda002_axolotl","Texture.cda002_glow_squid","Texture.cda002_goat"]},"materials":{"Array.materials":["Material.default","Material.cda002_blaze_body","Material.cda002_creeper","Material.cda002_drowned","Material.cda002_elder_guardian","Material.cda002_endermite","Material.cda002_evoker","Material.cda002_ghast","Material.cda002_guardian","Material.cda002_hoglin","Material.cda002_husk","Material.cda002_magma_cube","Material.cda002_phantom","Material.cda002_piglin_brute","Material.cda002_pillager","Material.cda002_ravager","Material.cda002_shulker","Material.cda002_silverfish","Material.cda002_skeleton","Material.cda002_slime","Material.cda002_stray","Material.cda002_vex","Material.cda002_vindicator","Material.cda002_witch","Material.cda002_wither_skeleton","Material.cda002_zoglin","Material.cda002_zombie","Material.cda002_zombie_villager","Material.cda002_bee","Material.cda002_cave_spider","Material.cda002_dolphin","Material.cda002_enderman","Material.cda002_iron_golem","Material.cda002_llama","Material.cda002_piglin","Material.cda002_panda","Material.cda002_polar_bear","Material.cda002_spider","Material.cda002_wolf","Material.cda002_zombified_piglin","Material.cda002_bat","Material.cda002_cat","Material.cda002_chicken","Material.cda002_cod","Material.cda002_cow","Material.cda002_donkey","Material.cda002_fox","Material.cda002_horse","Material.cda002_mooshroom","Material.cda002_mule","Material.cda002_ocelot","Material.cda002_parrot","Material.cda002_pig","Material.cda002_pufferfish","Material.cda002_rabbit","Material.cda002_salmon","Material.cda002_sheep","Material.cda002_skeleton_horse","Material.cda002_snow_golem","Material.cda002_squid","Material.cda002_strider","Material.cda002_tropical_fish","Material.cda002_turtle","Material.cda002_villager","Material.cda002_wandering_trader","Material.cda002_ender_dragon","Material.cda002_wither","Material.cda002_agent","Material.cda002_npc","Material.cda002_axolotl","Material.cda002_glow_squid","Material.cda002_goat"]},"geometries":{"Array.geometries":["Geometry.default","Geometry.cda002_blaze","Geometry.cda002_creeper","Geometry.cda002_drowned","Geometry.cda002_elder_guardian","Geometry.cda002_endermite","Geometry.cda002_evoker","Geometry.cda002_ghast","Geometry.cda002_guardian","Geometry.cda002_hoglin","Geometry.cda002_husk","Geometry.cda002_magma_cube","Geometry.cda002_phantom","Geometry.cda002_piglin_brute","Geometry.cda002_pillager","Geometry.cda002_ravager","Geometry.cda002_shulker","Geometry.cda002_silverfish","Geometry.cda002_skeleton","Geometry.cda002_slime","Geometry.cda002_stray","Geometry.cda002_vex","Geometry.cda002_vindicator","Geometry.cda002_witch","Geometry.cda002_wither_skeleton","Geometry.cda002_zoglin","Geometry.cda002_zombie","Geometry.cda002_zombie_villager","Geometry.cda002_bee","Geometry.cda002_cave_spider","Geometry.cda002_dolphin","Geometry.cda002_enderman","Geometry.cda002_iron_golem","Geometry.cda002_llama","Geometry.cda002_piglin","Geometry.cda002_panda","Geometry.cda002_polar_bear","Geometry.cda002_spider","Geometry.cda002_wolf","Geometry.cda002_zombified_piglin","Geometry.cda002_bat","Geometry.cda002_cat","Geometry.cda002_chicken","Geometry.cda002_cod","Geometry.cda002_cow","Geometry.cda002_donkey","Geometry.cda002_fox","Geometry.cda002_horse","Geometry.cda002_mooshroom","Geometry.cda002_mule","Geometry.cda002_ocelot","Geometry.cda002_parrot","Geometry.cda002_pig","Geometry.cda002_pufferfish","Geometry.cda002_rabbit","Geometry.cda002_salmon","Geometry.cda002_sheep","Geometry.cda002_skeleton_horse","Geometry.cda002_snow_golem","Geometry.cda002_squid","Geometry.cda002_strider","Geometry.cda002_tropical_fish","Geometry.cda002_turtle","Geometry.cda002_villager","Geometry.cda002_wandering_trader","Geometry.cda002_ender_dragon","Geometry.cda002_wither","Geometry.cda002_agent","Geometry.cda002_npc","Geometry.cda002_axolotl","Geometry.cda002_glow_squid","Geometry.cda002_goat"]}},"geometry":"Array.geometries[q.variant]","materials":[{"*":"Array.materials[q.variant]"},{"head":"q.variant==1?Material.cda002_blaze_head"},{"bodyLayer_*":"q.variant==17?Material.cda002_silverfish_body_layer"},{"leg*":"q.variant==42?Material.cda002_chicken_legs"},{"head":"q.variant==58?Material.cda002_snow_golem_head"},{"*arm":"q.mark_variant==69?Material.cda002_axolotl_limbs"},{"*leg":"q.mark_variant==69?Material.cda002_axolotl_limbs"},{"*":"q.variant==1||(q.variant!=42&&q.variant!=17)?Array.materials[q.variant]"}],"textures":["Array.textures[q.variant]"],"part_visibility":[{"*":false},{"head":true},{"hat":true},{"helmet":true},{"Ear*":"(q.variant==45||q.variant==49)?false"},{"Bag*":"(q.variant==47)?false"},{"MuleEar*":"(q.variant==47||q.variant==57)?false"}]},"controller.render.cda002.player.layer2.first_person":{"arrays":{"textures":{"Array.textures":["Texture.cda002_slime","Texture.cda002_stray_overlay","Texture.cda002_zombie_villager_plains","Texture.cda002_llama_decor_none","Texture.cda002_villager_plains"]},"geometries":{"Array.geometries":["Geometry.cda002_slime_armor","Geometry.cda002_stray_overlay","Geometry.cda002_zombie_villager","Geometry.cda002_llama","Geometry.cda002_villager"]}},"geometry":"Array.geometries[q.mark_variant]","materials":[{"*":"q.mark_variant==0?Material.cda002_slime_outer"},{"*":"q.mark_variant==1?Material.cda002_stray_overlay"},{"*":"q.mark_variant==2?Material.cda002_zombie_villager"},{"*":"q.mark_variant==3?Material.cda002_llama"},{"*":"q.mark_variant==4?Material.cda002_villager"}],"textures":["Array.textures[q.mark_variant]"],"part_visibility":[{"*":false},{"rightArm":"q.get_equipped_item_name(0,1)==''||q.get_equipped_item_name(0,1)=='map'"},{"rightSleeve":"q.get_equipped_item_name(0,1)==''||q.get_equipped_item_name(0,1)=='map'"},{"leftArm":"(q.get_equipped_item_name(0,1)=='map'&&q.get_equipped_item_name('off_hand')!='shield')||(q.get_equipped_item_name('off_hand')=='map'&&!q.item_is_charged)||(!q.item_is_charged&&(v.item_use_normalized>0&&v.item_use_normalized<1.0))"},{"leftSleeve":"(q.get_equipped_item_name(0,1)=='map'&&q.get_equipped_item_name('off_hand')!='shield')||(q.get_equipped_item_name('off_hand')=='map'&&!q.item_is_charged)||(!q.item_is_charged&&(v.item_use_normalized>0&&v.item_use_normalized<1.0))"}]},"controller.render.cda002.player.layer2.third_person":{"arrays":{"textures":{"Array.textures":["Texture.cda002_slime","Texture.cda002_stray_overlay","Texture.cda002_zombie_villager_plains","Texture.cda002_llama_decor_none","Texture.cda002_villager_plains"]},"geometries":{"Array.geometries":["Geometry.cda002_slime_armor","Geometry.cda002_stray_overlay","Geometry.cda002_zombie_villager","Geometry.cda002_llama","Geometry.cda002_villager"]}},"geometry":"Array.geometries[q.mark_variant]","materials":[{"*":"q.mark_variant==0?Material.cda002_slime_outer"},{"*":"q.mark_variant==1?Material.cda002_stray_overlay"},{"*":"q.mark_variant==2?Material.cda002_zombie_villager"},{"*":"q.mark_variant==3?Material.cda002_llama"},{"*":"q.mark_variant==4?Material.cda002_villager"}],"textures":["Array.textures[q.mark_variant]"],"part_visibility":[{"*":true},{"helmet":"v.helmet_layer_visible"},{"leftLegging":"v.leg_layer_visible"},{"rightLegging":"v.leg_layer_visible"},{"leftBoot":"v.boot_layer_visible"},{"rightBoot":"v.boot_layer_visible"},{"leftSock":"v.boot_layer_visible&&v.leg_layer_visible"},{"rightSock":"v.boot_layer_visible&&v.leg_layer_visible"},{"bodyArmor":"v.chest_layer_visible&&!q.has_cape"},{"leftArmArmor":"v.chest_layer_visible&&!q.has_cape"},{"rightArmArmor":"v.chest_layer_visible&&!q.has_cape"},{"belt":"v.chest_layer_visible&&v.leg_layer_visible"}]},"controller.render.cda002.player.layer2.map":{"arrays":{"textures":{"Array.textures":["Texture.cda002_slime","Texture.cda002_stray_overlay","Texture.cda002_zombie_villager_plains","Texture.cda002_llama_decor_none","Texture.cda002_villager_plains"]},"geometries":{"Array.geometries":["Geometry.cda002_slime_armor","Geometry.cda002_stray_overlay","Geometry.cda002_zombie_villager","Geometry.cda002_llama","Geometry.cda002_villager"]}},"geometry":"Array.geometries[q.mark_variant]","materials":[{"*":"q.mark_variant==0?Material.cda002_slime_outer"},{"*":"q.mark_variant==1?Material.cda002_stray_overlay"},{"*":"q.mark_variant==2?Material.cda002_zombie_villager"},{"*":"q.mark_variant==3?Material.cda002_llama"},{"*":"q.mark_variant==4?Material.cda002_villager"}],"textures":["Array.textures[q.mark_variant]"],"part_visibility":[{"*":false},{"head":true},{"hat":true},{"helmet":true}]}}}