{
  "format_version": "1.17.10",
  "minecraft:entity": {
    "description": {
      "identifier": "minecraft:player",
      "is_spawnable": false,
      "is_summonable": false,
      "is_experimental": false,
	  "animations": {
		"variant_animation": "controller.animation.type"  
	  },
	  "scripts": {
		"animate": [
          "variant_animation"
		]		
	  }
    },

    "component_groups": {
      "minecraft:add_bad_omen": {
        "minecraft:spell_effects": {
          "add_effects": [
            {
              "effect": "bad_omen",
              "duration": 6000,
              "display_on_screen_animation": true
            }
          ]
        },
        "minecraft:timer": {
          "time": [ 0.0, 0.0 ],
          "looping": false,
          "time_down_event": {
            "event": "minecraft:clear_add_bad_omen",
            "target": "self"
          }
        }
      },
      "minecraft:clear_bad_omen_spell_effect": {
        "minecraft:spell_effects": {
        }
      },
      "minecraft:raid_trigger": {
        "minecraft:raid_trigger": {
          "triggered_event": {
            "event": "minecraft:remove_raid_trigger",
            "target": "self"
          }
        },
        "minecraft:spell_effects": {
          "remove_effects": "bad_omen"
        }
      },
	  "minecraft:zombie": {
        "minecraft:breathable": {
          "total_supply": 15,
          "suffocate_time": 0,
          "breathes_air": true,
          "breathes_water": true
        },
        "minecraft:type_family": {
          "family": [ "zombie", "undead", "monster", "mob" ]
        },
		"minecraft:variant": { "value": 0 }
	  },
	  "minecraft:drowned": {
        "minecraft:breathable": {
          "total_supply": 15,
          "suffocate_time": 0,
          "breathes_air": true,
          "breathes_water": true
        },
        "minecraft:type_family": {
          "family": [ "drowned", "zombie", "undead", "monster", "mob" ]
        },
        "minecraft:underwater_movement": {
          "value": 0.06
        },
		"minecraft:variant": { "value": 1 }  
	  },
	  "minecraft:looking_for_water": {
		"minecraft:environment_sensor": {
		  "triggers": {
            "filters": { "test": "is_underwater", "subject": "self", "value": true },
            "event": "minecraft:start_transforming"
          }
		}  
	  },
	  "minecraft:inside_water": {
		"minecraft:environment_sensor": {
		  "triggers": {
			"filters": {
			  "test": "is_underwater", "subject": "self", "operator": "==", "value": false
			},
			"event": "minecraft:cancel_tranforming"
		  }
		},
        "minecraft:is_shaking": {
        },
        "minecraft:timer": {
          "time": [ 7.5, 10.0 ],
          "looping": false,
          "time_down_event": {
            "event": "minecraft:become_drowned",
            "target": "self"
          }
        }
	  }
    },

    "components": {
      "minecraft:damage_sensor": {
        "triggers": [
          {
            "on_damage": {
              "filters": {
                "all_of": [
                  {
                    "test": "has_damage",
                    "value": "fatal"
                  }
                ]
              },
              "event": "minecraft:become_zombie"
            },
            "deals_damage": true
          }
		]
	  },
      "minecraft:experience_reward": {
        "on_death": "Math.Min(query.player_level * 7, 100)"
      },
      "minecraft:is_hidden_when_invisible": {
      },
      "minecraft:loot": {
        "table": "loot_tables/empty.json"
      },
      "minecraft:collision_box": {
        "width": 0.6,
        "height": 1.9
      },
      "minecraft:burns_in_daylight": {
      },
      "minecraft:health": {
        "value": 20,
        "max": 20
      },
      "minecraft:can_climb": {
      },
      "minecraft:movement": {
        "value": 0.23
      },
      "minecraft:hurt_on_condition": {
        "damage_conditions": [
          {
            "filters": { "test": "in_lava", "subject": "self", "operator": "==", "value": true },
            "cause": "lava",
            "damage_per_tick": 4
          }
        ]
      },
      "minecraft:attack": {
        "damage": 3
      },
      "minecraft:player.saturation": {
        "value": 0
      },
      "minecraft:player.exhaustion": {
        "value": 0,
        "max": 0
      },
      "minecraft:player.level": {
        "value": 0,
        "max": 24791
      },
      "minecraft:player.experience": {
        "value": 0,
        "max": 1
      },
      "minecraft:nameable": {
        "always_show": true,
        "allow_name_tag_renaming": false
      },
      "minecraft:physics": {
      },
      "minecraft:pushable": {
        "is_pushable": true,
        "is_pushable_by_piston": true
      },
      "minecraft:insomnia": {
        "days_until_insomnia": 3
      },
      "minecraft:rideable": {
        "seat_count": 2,
        "family_types": [
          "parrot_tame"
        ],
        "pull_in_entities": true,
        "seats": [
          {
            "position": [ 0.4, -0.2, -0.1 ],
            "min_rider_count": 0,
            "max_rider_count": 0,
            "lock_rider_rotation": 0
          },
          {
            "position": [ -0.4, -0.2, -0.1 ],
            "min_rider_count": 1,
            "max_rider_count": 2,
            "lock_rider_rotation": 0
          }
        ]
      },
      "minecraft:conditional_bandwidth_optimization": {
      },
      "minecraft:block_climber": {},
      "minecraft:environment_sensor": {
        "triggers": [
		{
          "filters": {
            "all_of": [
              {
                "test": "has_mob_effect",
                "subject": "self",
                "value": "bad_omen"
              },
              {
                "test": "is_in_village",
                "subject": "self",
                "value": true
              }
            ]
          },
          "event": "minecraft:trigger_raid"
        }
		]
      }
    },

    "events": {
      "minecraft:gain_bad_omen": {
        "add": {
          "component_groups": [
            "minecraft:add_bad_omen"
          ]
        }
      },
      "minecraft:clear_add_bad_omen": {
        "remove": {
          "component_groups": [
            "minecraft:add_bad_omen"
          ]
        },
        "add": {
          "component_groups": [
            "minecraft:clear_bad_omen_spell_effect"
          ]
        }
      },
      "minecraft:trigger_raid": {
        "add": {
          "component_groups": [ "minecraft:raid_trigger" ]
        }
      },
      "minecraft:remove_raid_trigger": {
        "remove": {
          "component_groups": [ "minecraft:raid_trigger" ]
        }
      },
	  "minecraft:become_drowned": {
		"remove": {
		  "component_groups": [ "minecraft:zombie" , "minecraft:inside_water"]
		},
		"add": {
		  "component_groups": [ "minecraft:drowned" ]
		}		  
	  },
	  "minecraft:become_zombie": {
		"remove": {
		  "component_groups": [ "minecraft:drowned" ]
		},
		"add": {
		  "component_groups": [ "minecraft:zombie" , "minecraft:looking_for_water"]
		}
	  },
	  "minecraft:start_transforming": {
		"add": {
		  "component_groups": [ "minecraft:inside_water" ]
		},
		"remove": {
		  "component_groups": [ "minecraft:looking_for_water" ]	
		}
	  },
	  "minecraft:cancel_tranforming": {		
		"remove": {
		  "component_groups": [ "minecraft:inside_water"]
		},
		"add": {
		  "component_groups": [ "minecraft:looking_for_water" ]	
		}
	  }
    }
  }
}




