{"format_version":"1.17.10","minecraft:entity":{"description":{"identifier":"minecraft:player","is_spawnable":false,"is_summonable":false,"is_experimental":false,"scripts":{"animate":["cda002_controller_player_morph","cda002_controller_player_abilities_fire-immune","cda002_controller_player_abilities_fly"]},"animations":{"cda002_controller_player_morph":"controller.animation.cda002.player.morph","cda002_controller_player_abilities_fire-immune":"controller.animation.cda002.player.abilities.fire_immune","cda002_controller_player_abilities_fly":"controller.animation.cda002.player.abilities.fly","cda002_player_abilities_fire-immune":"animation.cda002.player.abilities.fire_immune","cda002_player_abilities_fly":"animation.cda002.player.abilities.fly"}},"component_groups":{"minecraft:add_bad_omen":{"minecraft:spell_effects":{"add_effects":[{"effect":"bad_omen","duration":6000,"display_on_screen_animation":true}]},"minecraft:timer":{"time":[0.0,0.0],"looping":false,"time_down_event":{"event":"minecraft:clear_add_bad_omen","target":"self"}}},"minecraft:clear_bad_omen_spell_effect":{"minecraft:spell_effects":{}},"minecraft:raid_trigger":{"minecraft:raid_trigger":{"triggered_event":{"event":"minecraft:remove_raid_trigger","target":"self"}},"minecraft:spell_effects":{"remove_effects":"bad_omen"}},"cda002:default":{"minecraft:environment_sensor":{}},"cda002:player":{"minecraft:variant":{"value":0},"minecraft:mark_variant":{"value":-1},"minecraft:experience_reward":{"on_death":"Math.Min(q.player_level*7,100)"},"minecraft:type_family":{"family":["player"]},"minecraft:is_hidden_when_invisible":{},"minecraft:loot":{"table":"loot_tables/cda002/player.json"},"minecraft:collision_box":{"width":0.6,"height":1.8},"minecraft:can_climb":{},"minecraft:movement":{"value":0.1},"minecraft:hurt_on_condition":{"damage_conditions":[{"filters":{"test":"in_lava","subject":"self","operator":"==","value":true},"cause":"lava","damage_per_tick":4}]},"minecraft:attack":{"damage":1},"minecraft:player.saturation":{"value":20},"minecraft:player.exhaustion":{"value":0,"max":4},"minecraft:player.level":{"value":0,"max":24791},"minecraft:player.experience":{"value":0,"max":1},"minecraft:breathable":{"total_supply":15,"suffocate_time":-1,"inhale_time":3.75,"generates_bubbles":false},"minecraft:nameable":{"always_show":true,"allow_name_tag_renaming":false},"minecraft:physics":{},"minecraft:pushable":{"is_pushable":false,"is_pushable_by_piston":true},"minecraft:insomnia":{"days_until_insomnia":3},"minecraft:rideable":{"seat_count":2,"family_types":["parrot_tame"],"pull_in_entities":true,"seats":[{"position":[0.4,-0.2,-0.1],"min_rider_count":0,"max_rider_count":0,"lock_rider_rotation":0},{"position":[-0.4,-0.2,-0.1],"min_rider_count":1,"max_rider_count":2,"lock_rider_rotation":0}]},"minecraft:block_climber":{},"minecraft:environment_sensor":{"triggers":{"filters":{"all_of":[{"test":"has_mob_effect","subject":"self","value":"bad_omen"},{"test":"is_in_village","subject":"self","value":true}]},"event":"minecraft:trigger_raid"}},"minecraft:underwater_movement":{"value":0.02},"minecraft:health":{"value":20,"max":20}},"cda002:blaze":{"minecraft:variant":{"value":1},"minecraft:mark_variant":{"value":-1},"minecraft:is_hidden_when_invisible":{},"minecraft:loot":{"table":"loot_tables/entities/blaze.json"},"minecraft:collision_box":{"width":0.5,"height":1.8},"minecraft:damage_sensor":{"triggers":{"cause":"fall","deals_damage":false}},"minecraft:movement":{"value":0.23},"minecraft:movement.basic":{},"minecraft:jump.static":{},"minecraft:can_climb":{},"minecraft:health":{"value":20,"max":20},"minecraft:hurt_on_condition":{"damage_conditions":[{"filters":{"test":"in_contact_with_water","operator":"==","value":true},"cause":"drowning","damage_per_tick":1}]},"minecraft:nameable":{},"minecraft:type_family":{"family":["blaze","monster","mob"]},"minecraft:physics":{},"minecraft:pushable":{"is_pushable":true,"is_pushable_by_piston":true},"minecraft:attack":{"damage":6},"minecraft:breathable":{"total_supply":15,"suffocate_time":0},"minecraft:underwater_movement":{"value":0.02}},"cda002:creeper":{"minecraft:variant":{"value":2},"minecraft:mark_variant":{"value":-1},"minecraft:is_hidden_when_invisible":{},"minecraft:type_family":{"family":["creeper","monster","mob"]},"minecraft:breathable":{"total_supply":15,"suffocate_time":0},"minecraft:collision_box":{"width":0.6,"height":1.8},"minecraft:movement":{"value":0.2},"minecraft:movement.basic":{},"minecraft:jump.static":{},"minecraft:can_climb":{},"minecraft:loot":{"table":"loot_tables/entities/creeper.json"},"minecraft:health":{"value":20,"max":20},"minecraft:hurt_on_condition":{"damage_conditions":[{"filters":{"test":"in_lava","subject":"self","operator":"==","value":true},"cause":"lava","damage_per_tick":4}]},"minecraft:attack":{"damage":3},"minecraft:damage_sensor":{"triggers":{"on_damage":{"filters":{"test":"is_family","subject":"other","value":"lightning"}},"deals_damage":false}},"minecraft:physics":{},"minecraft:pushable":{"is_pushable":true,"is_pushable_by_piston":true},"minecraft:underwater_movement":{"value":0.02}},"cda002:drowned":{"minecraft:variant":{"value":3},"minecraft:mark_variant":{"value":-1},"minecraft:type_family":{"family":["drowned","zombie","undead","monster","mob"]},"minecraft:collision_box":{"width":0.6,"height":1.9},"minecraft:underwater_movement":{"value":0.06},"minecraft:movement.generic":{},"minecraft:jump.static":{},"minecraft:can_climb":{},"minecraft:health":{"value":20,"max":20},"minecraft:hurt_on_condition":{"damage_conditions":[{"filters":{"test":"in_lava","subject":"self","operator":"==","value":true},"cause":"lava","damage_per_tick":4}]},"minecraft:movement":{"value":0.23},"minecraft:burns_in_daylight":{},"minecraft:breathable":{"total_supply":15,"suffocate_time":0,"breathes_air":true,"breathes_water":true},"minecraft:physics":{},"minecraft:pushable":{"is_pushable":true,"is_pushable_by_piston":true},"minecraft:loot":{"table":"loot_tables/entities/drowned.json"},"minecraft:attack":{"damage":3}},"cda002:elder_guardian":{"minecraft:variant":{"value":4},"minecraft:mark_variant":{"value":-1},"minecraft:is_hidden_when_invisible":{},"minecraft:collision_box":{"width":1.99,"height":1.99},"minecraft:loot":{"table":"loot_tables/entities/elder_guardian.json"},"minecraft:movement.sway":{},"minecraft:jump.static":{},"minecraft:health":{"value":80,"max":80},"minecraft:hurt_on_condition":{"damage_conditions":[{"filters":{"test":"in_lava","subject":"self","operator":"==","value":true},"cause":"lava","damage_per_tick":4}]},"minecraft:movement":{"value":0.3},"minecraft:underwater_movement":{"value":0.3},"minecraft:attack":{"damage":5},"minecraft:breathable":{"breathes_water":true},"minecraft:type_family":{"family":["guardian_elder","monster","mob"]},"minecraft:physics":{},"minecraft:pushable":{"is_pushable":true,"is_pushable_by_piston":true}},"cda002:endermite":{"minecraft:variant":{"value":5},"minecraft:mark_variant":{"value":-1},"minecraft:is_hidden_when_invisible":{},"minecraft:breathable":{"total_supply":15,"suffocate_time":0},"minecraft:type_family":{"family":["endermite","arthropod","monster","lightweight","mob"]},"minecraft:collision_box":{"width":0.4,"height":0.3},"minecraft:movement":{"value":0.25},"minecraft:movement.basic":{},"minecraft:jump.static":{},"minecraft:can_climb":{},"minecraft:health":{"value":8,"max":8},"minecraft:hurt_on_condition":{"damage_conditions":[{"filters":{"test":"in_lava","subject":"self","operator":"==","value":true},"cause":"lava","damage_per_tick":4}]},"minecraft:attack":{"damage":2},"minecraft:physics":{},"minecraft:pushable":{"is_pushable":true,"is_pushable_by_piston":true},"minecraft:block_climber":{},"minecraft:underwater_movement":{"value":0.02}},"cda002:evoker":{"minecraft:variant":{"value":6},"minecraft:mark_variant":{"value":-1},"minecraft:is_hidden_when_invisible":{},"minecraft:type_family":{"family":["evocation_illager","monster","illager","mob"]},"minecraft:breathable":{"total_supply":15,"suffocate_time":0},"minecraft:loot":{"table":"loot_tables/entities/evocation_illager.json"},"minecraft:health":{"value":24,"max":24},"minecraft:hurt_on_condition":{"damage_conditions":[{"filters":{"test":"in_lava","subject":"self","operator":"==","value":true},"cause":"lava","damage_per_tick":4}]},"minecraft:collision_box":{"width":0.6,"height":1.9},"minecraft:movement":{"value":0.5},"minecraft:movement.basic":{},"minecraft:jump.static":{},"minecraft:can_climb":{},"minecraft:physics":{},"minecraft:pushable":{"is_pushable":true,"is_pushable_by_piston":true},"minecraft:underwater_movement":{"value":0.02}},"cda002:ghast":{"minecraft:variant":{"value":7},"minecraft:mark_variant":{"value":-1},"minecraft:is_hidden_when_invisible":{},"minecraft:health":{"value":10,"max":10},"minecraft:collision_box":{"width":4,"height":4},"minecraft:movement":{"value":0.03},"minecraft:can_fly":{},"minecraft:loot":{"table":"loot_tables/entities/ghast.json"},"minecraft:shooter":{"def":"minecraft:fireball"},"minecraft:type_family":{"family":["ghast","monster","mob"]},"minecraft:damage_sensor":{"triggers":{"cause":"fall","deals_damage":false}},"minecraft:jump.static":{},"minecraft:physics":{},"minecraft:pushable":{"is_pushable":true,"is_pushable_by_piston":true},"minecraft:breathable":{"total_supply":15,"suffocate_time":0},"minecraft:underwater_movement":{"value":0.02}},"cda002:guardian":{"minecraft:variant":{"value":8},"minecraft:mark_variant":{"value":-1},"minecraft:is_hidden_when_invisible":{},"minecraft:collision_box":{"width":0.85,"height":0.85},"minecraft:health":{"value":30,"max":30},"minecraft:hurt_on_condition":{"damage_conditions":[{"filters":{"test":"in_lava","subject":"self","operator":"==","value":true},"cause":"lava","damage_per_tick":4}]},"minecraft:movement":{"value":0.12},"minecraft:underwater_movement":{"value":0.12},"minecraft:attack":{"damage":5},"minecraft:movement.sway":{},"minecraft:jump.static":{},"minecraft:breathable":{"breathes_water":true},"minecraft:loot":{"table":"loot_tables/entities/guardian.json"},"minecraft:type_family":{"family":["guardian","monster","mob"]},"minecraft:physics":{},"minecraft:pushable":{"is_pushable":true,"is_pushable_by_piston":true}},"cda002:hoglin":{"minecraft:variant":{"value":9},"minecraft:mark_variant":{"value":-1},"minecraft:is_hidden_when_invisible":{},"minecraft:health":{"value":40,"max":40},"minecraft:knockback_resistance":{"value":0.5},"minecraft:breathable":{"total_supply":15,"suffocate_time":0},"minecraft:hurt_on_condition":{"damage_conditions":[{"filters":{"test":"in_lava","subject":"self","operator":"==","value":true},"cause":"lava","damage_per_tick":4}]},"minecraft:movement.basic":{},"minecraft:jump.static":{},"minecraft:can_climb":{},"minecraft:leashable":{"soft_distance":4.0,"hard_distance":6.0,"max_distance":10.0},"minecraft:physics":{},"minecraft:pushable":{"is_pushable":true,"is_pushable_by_piston":true},"minecraft:collision_box":{"width":0.9,"height":0.9},"minecraft:movement":{"value":0.3},"minecraft:custom_hit_test":{"hitboxes":[{"width":2.0,"height":1.75,"pivot":[0,1,0]}]},"minecraft:loot":{"table":"loot_tables/entities/hoglin.json"},"minecraft:attack":{"damage":[3,9]},"minecraft:underwater_movement":{"value":0.02}},"cda002:husk":{"minecraft:variant":{"value":10},"minecraft:mark_variant":{"value":-1},"minecraft:is_hidden_when_invisible":{},"minecraft:breathable":{"total_supply":15,"suffocate_time":0,"breathes_water":true},"minecraft:collision_box":{"width":0.6,"height":1.9},"minecraft:type_family":{"family":["husk","zombie","undead","monster","mob"]},"minecraft:loot":{"table":"loot_tables/entities/zombie.json"},"minecraft:health":{"value":20,"max":20},"minecraft:hurt_on_condition":{"damage_conditions":[{"filters":{"test":"in_lava","subject":"self","operator":"==","value":true},"cause":"lava","damage_per_tick":4}]},"minecraft:attack":{"damage":3,"effect_name":"hunger","effect_duration":30},"minecraft:movement.basic":{},"minecraft:jump.static":{},"minecraft:can_climb":{},"minecraft:physics":{},"minecraft:pushable":{"is_pushable":true,"is_pushable_by_piston":true},"minecraft:movement":{"value":0.23},"minecraft:rideable":{"seat_count":1,"family_types":["zombie"],"seats":{"position":[0.0,1.1,-0.35],"lock_rider_rotation":0}},"minecraft:scale":{"value":1.0625},"minecraft:underwater_movement":{"value":0.02}},"cda002:magma_cube":{"minecraft:variant":{"value":11},"minecraft:mark_variant":{"value":-1},"minecraft:is_hidden_when_invisible":{},"minecraft:type_family":{"family":["magmacube","monster","mob"]},"minecraft:breathable":{"total_supply":15,"suffocate_time":0,"breathes_lava":true},"minecraft:burns_in_daylight":false,"minecraft:damage_sensor":{"triggers":{"cause":"fall","deals_damage":false}},"minecraft:jump.static":{},"minecraft:movement.jump":{"jump_delay":[2.0,6.0]},"minecraft:can_climb":{},"minecraft:physics":{},"minecraft:pushable":{"is_pushable":true,"is_pushable_by_piston":true},"minecraft:collision_box":{"width":0.52,"height":0.52},"minecraft:health":{"value":1,"max":1},"minecraft:movement":{"value":0.6},"minecraft:attack":{"damage":2},"minecraft:underwater_movement":{"value":0.02}},"cda002:phantom":{"minecraft:variant":{"value":12},"minecraft:mark_variant":{"value":-1},"minecraft:is_hidden_when_invisible":{},"minecraft:type_family":{"family":["phantom","undead","monster","mob"]},"minecraft:loot":{"table":"loot_tables/entities/phantom.json"},"minecraft:health":{"value":20,"max":20},"minecraft:hurt_on_condition":{"damage_conditions":[{"filters":{"test":"in_lava","subject":"self","operator":"==","value":true},"cause":"lava","damage_per_tick":4}]},"minecraft:physics":{"has_gravity":true},"minecraft:pushable":{"is_pushable":true,"is_pushable_by_piston":true},"minecraft:attack":{"damage":6},"minecraft:breathable":{"total_supply":15,"suffocate_time":0,"breathes_air":true,"breathes_water":false},"minecraft:collision_box":{"width":0.9,"height":0.5},"minecraft:movement":{"value":1.8},"minecraft:movement.glide":{"start_speed":0.1,"speed_when_turning":0.2},"minecraft:burns_in_daylight":{},"minecraft:underwater_movement":{"value":0.02}},"cda002:piglin_brute":{"minecraft:variant":{"value":13},"minecraft:mark_variant":{"value":-1},"minecraft:is_hidden_when_invisible":{},"minecraft:collision_box":{"width":0.6,"height":1.9},"minecraft:type_family":{"family":["piglin","adult_piglin","piglin_brute","monster"]},"minecraft:breathable":{"total_supply":15,"suffocate_time":0},"minecraft:health":{"value":50,"max":50},"minecraft:hurt_on_condition":{"damage_conditions":[{"filters":{"test":"in_lava","subject":"self","operator":"==","value":true},"cause":"lava","damage_per_tick":4}]},"minecraft:loot":{"table":"loot_tables/entities/piglin.json"},"minecraft:movement":{"value":0.35},"minecraft:movement.basic":{},"minecraft:jump.static":{},"minecraft:physics":{},"minecraft:pushable":{"is_pushable":true,"is_pushable_by_piston":true},"minecraft:attack":{"damage":7},"minecraft:underwater_movement":{"value":0.02}},"cda002:pillager":{"minecraft:variant":{"value":14},"minecraft:mark_variant":{"value":-1},"minecraft:is_hidden_when_invisible":{},"minecraft:collision_box":{"width":0.6,"height":1.9},"minecraft:type_family":{"family":["pillager","monster","illager","mob"]},"minecraft:breathable":{"total_supply":15,"suffocate_time":0},"minecraft:health":{"value":24,"max":24},"minecraft:hurt_on_condition":{"damage_conditions":[{"filters":{"test":"in_lava","subject":"self","operator":"==","value":true},"cause":"lava","damage_per_tick":4}]},"minecraft:loot":{"table":"loot_tables/entities/pillager.json"},"minecraft:movement":{"value":0.35},"minecraft:movement.basic":{},"minecraft:jump.static":{},"minecraft:physics":{},"minecraft:pushable":{"is_pushable":true,"is_pushable_by_piston":true},"minecraft:attack":{"damage":3},"minecraft:underwater_movement":{"value":0.02}},"cda002:ravager":{"minecraft:variant":{"value":15},"minecraft:mark_variant":{"value":-1},"minecraft:is_hidden_when_invisible":{},"minecraft:attack":{"damage":12.0},"minecraft:breathable":{"suffocate_time":0,"total_supply":15},"minecraft:collision_box":{"height":1.9,"width":1.2},"minecraft:health":{"max":100,"value":100},"minecraft:hurt_on_condition":{"damage_conditions":[{"filters":{"test":"in_lava","subject":"self","operator":"==","value":true},"cause":"lava","damage_per_tick":4}]},"minecraft:jump.static":{},"minecraft:loot":{"table":"loot_tables/entities/ravager.json"},"minecraft:knockback_resistance":{"value":0.5},"minecraft:movement":{"value":0.0},"minecraft:movement.basic":{},"minecraft:nameable":{},"minecraft:physics":{},"minecraft:pushable":{"is_pushable":true,"is_pushable_by_piston":true},"minecraft:break_blocks":{"breakable_blocks":["bamboo","bamboo_sapling","beetroot","brown_mushroom","carrots","carved_pumpkin","chorus_flower","chorus_plant","deadbush","double_plant","leaves","leaves2","lit_pumpkin","melon_block","melon_stem","potatoes","pumpkin","pumpkin_stem","red_flower","red_mushroom","crimson_fungus","warped_fungus","reeds","sapling","snow_layer","sweet_berry_bush","tallgrass","turtle_egg","vine","waterlily","wheat","yellow_flower"]},"minecraft:rideable":{"seat_count":1,"family_types":["pillager","vindicator","evocation_illager"],"seats":{"position":[0.0,2.1,-0.3]}},"minecraft:type_family":{"family":["monster","illager","ravager","mob"]},"minecraft:underwater_movement":{"value":0.02}},"cda002:shulker":{"minecraft:variant":{"value":16},"minecraft:mark_variant":{"value":-1},"minecraft:is_hidden_when_invisible":{},"minecraft:type_family":{"family":["shulker","monster","mob"]},"minecraft:breathable":{"total_supply":15,"suffocate_time":0},"minecraft:health":{"value":30,"max":30},"minecraft:hurt_on_condition":{"damage_conditions":[{"filters":{"test":"in_lava","subject":"self","operator":"==","value":true},"cause":"lava","damage_per_tick":4}]},"minecraft:movement":{"value":0.1},"minecraft:loot":{"table":"loot_tables/entities/shulker.json"},"minecraft:shooter":{"def":"minecraft:shulker_bullet"},"minecraft:movement.basic":{},"minecraft:physics":{},"minecraft:underwater_movement":{"value":0.02}},"cda002:silverfish":{"minecraft:variant":{"value":17},"minecraft:mark_variant":{"value":-1},"minecraft:is_hidden_when_invisible":{},"minecraft:type_family":{"family":["silverfish","monster","lightweight","mob","arthropod"]},"minecraft:breathable":{"total_supply":15,"suffocate_time":0},"minecraft:loot":{"table":"loot_tables/entities/silverfish.json"},"minecraft:health":{"value":8,"max":8},"minecraft:hurt_on_condition":{"damage_conditions":[{"filters":{"test":"in_lava","subject":"self","operator":"==","value":true},"cause":"lava","damage_per_tick":4}]},"minecraft:movement":{"value":0.25},"minecraft:movement.basic":{},"minecraft:jump.static":{},"minecraft:can_climb":{},"minecraft:attack":{"damage":1},"minecraft:collision_box":{"width":0.4,"height":0.3},"minecraft:physics":{},"minecraft:pushable":{"is_pushable":true,"is_pushable_by_piston":true},"minecraft:block_climber":{},"minecraft:underwater_movement":{"value":0.02}},"cda002:skeleton":{"minecraft:variant":{"value":18},"minecraft:mark_variant":{"value":-1},"minecraft:is_hidden_when_invisible":{},"minecraft:collision_box":{"width":0.6,"height":1.9},"minecraft:type_family":{"family":["skeleton","undead","monster","mob"]},"minecraft:breathable":{"total_supply":15,"suffocate_time":0,"breathes_water":true},"minecraft:burns_in_daylight":{},"minecraft:health":{"value":20,"max":20},"minecraft:hurt_on_condition":{"damage_conditions":[{"filters":{"test":"in_lava","subject":"self","operator":"==","value":true},"cause":"lava","damage_per_tick":4}]},"minecraft:loot":{"table":"loot_tables/entities/skeleton.json"},"minecraft:movement":{"value":0.25},"minecraft:movement.basic":{},"minecraft:jump.static":{},"minecraft:can_climb":{},"minecraft:shooter":{"def":"minecraft:arrow"},"minecraft:physics":{},"minecraft:pushable":{"is_pushable":true,"is_pushable_by_piston":true},"minecraft:attack":{"damage":3},"minecraft:underwater_movement":{"value":0.02}},"cda002:slime":{"minecraft:variant":{"value":19},"minecraft:mark_variant":{"value":0},"minecraft:is_hidden_when_invisible":{},"minecraft:type_family":{"family":["slime","monster","mob"]},"minecraft:breathable":{"total_supply":15,"suffocate_time":0},"minecraft:jump.static":{},"minecraft:can_climb":{},"minecraft:hurt_on_condition":{"damage_conditions":[{"filters":{"test":"in_lava","subject":"self","operator":"==","value":true},"cause":"lava","damage_per_tick":4}]},"minecraft:movement.jump":{"jump_delay":[0.5,1.5]},"minecraft:physics":{},"minecraft:pushable":{"is_pushable":true,"is_pushable_by_piston":true},"minecraft:collision_box":{"width":0.52,"height":0.52},"minecraft:health":{"value":1,"max":1},"minecraft:movement":{"value":0.3},"minecraft:attack":{"damage":0},"minecraft:loot":{"table":"loot_tables/entities/slime.json"},"minecraft:underwater_movement":{"value":0.02}},"cda002:stray":{"minecraft:variant":{"value":20},"minecraft:mark_variant":{"value":1},"minecraft:is_hidden_when_invisible":{},"minecraft:breathable":{"total_supply":15,"suffocate_time":0,"breathes_water":true},"minecraft:collision_box":{"width":0.6,"height":1.9},"minecraft:burns_in_daylight":{},"minecraft:health":{"value":20,"max":20},"minecraft:hurt_on_condition":{"damage_conditions":[{"filters":{"test":"in_lava","subject":"self","operator":"==","value":true},"cause":"lava","damage_per_tick":4}]},"minecraft:loot":{"table":"loot_tables/entities/stray.json"},"minecraft:movement":{"value":0.25},"minecraft:movement.basic":{},"minecraft:jump.static":{},"minecraft:can_climb":{},"minecraft:shooter":{"def":"minecraft:arrow","aux_val":19},"minecraft:type_family":{"family":["stray","skeleton","monster","mob","undead"]},"minecraft:physics":{},"minecraft:pushable":{"is_pushable":true,"is_pushable_by_piston":true},"minecraft:attack":{"damage":3,"effect_name":"slowness","effect_duration":10},"minecraft:underwater_movement":{"value":0.02}},"cda002:vex":{"minecraft:variant":{"value":21},"minecraft:mark_variant":{"value":-1},"minecraft:is_hidden_when_invisible":{},"minecraft:type_family":{"family":["vex","monster","mob"]},"minecraft:health":{"value":14,"max":14},"minecraft:attack":{"damage":3},"minecraft:collision_box":{"width":0.4,"height":0.8},"minecraft:movement":{"value":1.0},"minecraft:movement.basic":{},"minecraft:jump.static":{},"minecraft:can_climb":{},"minecraft:physics":{"has_gravity":true,"has_collision":false},"minecraft:loot":{"table":"loot_tables/cda002/vex.json"},"minecraft:breathable":{"total_supply":15,"suffocate_time":0},"minecraft:underwater_movement":{"value":0.02}},"cda002:vindicator":{"minecraft:variant":{"value":22},"minecraft:mark_variant":{"value":-1},"minecraft:is_hidden_when_invisible":{},"minecraft:type_family":{"family":["vindicator","monster","illager","mob"]},"minecraft:breathable":{"total_supply":15,"suffocate_time":0},"minecraft:collision_box":{"width":0.6,"height":1.9},"minecraft:health":{"value":24,"max":24},"minecraft:hurt_on_condition":{"damage_conditions":[{"filters":{"test":"in_lava","subject":"self","operator":"==","value":true},"cause":"lava","damage_per_tick":4}]},"minecraft:attack":{"damage":8},"minecraft:movement":{"value":0.35},"minecraft:movement.basic":{},"minecraft:jump.static":{},"minecraft:loot":{"table":"loot_tables/entities/vindication_illager.json"},"minecraft:physics":{},"minecraft:pushable":{"is_pushable":true,"is_pushable_by_piston":true},"minecraft:underwater_movement":{"value":0.02}},"cda002:witch":{"minecraft:variant":{"value":23},"minecraft:mark_variant":{"value":-1},"minecraft:is_hidden_when_invisible":{},"minecraft:breathable":{"total_supply":15,"suffocate_time":0},"minecraft:loot":{"table":"loot_tables/entities/witch.json"},"minecraft:health":{"value":26,"max":26},"minecraft:hurt_on_condition":{"damage_conditions":[{"filters":{"test":"in_lava","subject":"self","operator":"==","value":true},"cause":"lava","damage_per_tick":4}]},"minecraft:movement":{"value":0.25},"minecraft:movement.basic":{},"minecraft:jump.static":{},"minecraft:can_climb":{},"minecraft:type_family":{"family":["witch","monster","mob"]},"minecraft:collision_box":{"width":0.6,"height":1.9},"minecraft:physics":{},"minecraft:pushable":{"is_pushable":true,"is_pushable_by_piston":true},"minecraft:underwater_movement":{"value":0.02}},"cda002:wither_skeleton":{"minecraft:variant":{"value":24},"minecraft:mark_variant":{"value":-1},"minecraft:breathable":{"total_supply":15,"suffocate_time":0,"breathes_water":true},"minecraft:health":{"value":20,"max":20},"minecraft:collision_box":{"width":0.72,"height":2.01},"minecraft:attack":{"damage":4,"effect_name":"wither","effect_duration":10},"minecraft:loot":{"table":"loot_tables/entities/wither_skeleton.json"},"minecraft:movement":{"value":0.25},"minecraft:movement.basic":{},"minecraft:jump.static":{},"minecraft:can_climb":{},"minecraft:scale":{"value":1.2},"minecraft:type_family":{"family":["wither","monster","undead","skeleton","mob"]},"minecraft:physics":{},"minecraft:pushable":{"is_pushable":true,"is_pushable_by_piston":true},"minecraft:underwater_movement":{"value":0.02}},"cda002:zoglin":{"minecraft:variant":{"value":25},"minecraft:mark_variant":{"value":-1},"minecraft:is_hidden_when_invisible":{},"minecraft:loot":{"table":"loot_tables/entities/zoglin.json"},"minecraft:health":{"value":40,"max":40},"minecraft:knockback_resistance":{"value":0.5},"minecraft:breathable":{"total_supply":15,"suffocate_time":0,"breathes_water":true},"minecraft:movement":{"value":0.25},"minecraft:movement.basic":{},"minecraft:jump.static":{},"minecraft:can_climb":{},"minecraft:leashable":{"soft_distance":4.0,"hard_distance":6.0,"max_distance":10.0},"minecraft:physics":{},"minecraft:pushable":{"is_pushable":true,"is_pushable_by_piston":true},"minecraft:type_family":{"family":["zoglin","zoglin_adult","undead","mob"]},"minecraft:collision_box":{"width":0.9,"height":0.9},"minecraft:custom_hit_test":{"hitboxes":[{"width":2.0,"height":1.75,"pivot":[0,1,0]}]},"minecraft:attack":{"damage":[3,8]},"minecraft:underwater_movement":{"value":0.02}},"cda002:zombie":{"minecraft:variant":{"value":26},"minecraft:mark_variant":{"value":-1},"minecraft:is_hidden_when_invisible":{},"minecraft:type_family":{"family":["zombie","undead","monster","mob"]},"minecraft:collision_box":{"width":0.6,"height":1.9},"minecraft:burns_in_daylight":{},"minecraft:movement.basic":{},"minecraft:jump.static":{},"minecraft:can_climb":{},"minecraft:health":{"value":20,"max":20},"minecraft:hurt_on_condition":{"damage_conditions":[{"filters":{"test":"in_lava","subject":"self","operator":"==","value":true},"cause":"lava","damage_per_tick":4}]},"minecraft:breathable":{"total_supply":15,"suffocate_time":0,"breathes_air":true,"breathes_water":true},"minecraft:attack":{"damage":3},"minecraft:loot":{"table":"loot_tables/entities/zombie.json"},"minecraft:physics":{},"minecraft:pushable":{"is_pushable":true,"is_pushable_by_piston":true},"minecraft:movement":{"value":0.23},"minecraft:rideable":{"seat_count":1,"family_types":["zombie"],"seats":{"position":[0.0,1.1,-0.35],"lock_rider_rotation":0}},"minecraft:underwater_movement":{"value":0.02}},"cda002:zombie_villager":{"minecraft:variant":{"value":27},"minecraft:mark_variant":{"value":2},"minecraft:is_hidden_when_invisible":{},"minecraft:movement.basic":{},"minecraft:jump.static":{},"minecraft:can_climb":{},"minecraft:breathable":{"total_supply":15,"suffocate_time":0,"breathes_water":true},"minecraft:loot":{"table":"loot_tables/entities/zombie.json"},"minecraft:collision_box":{"width":0.6,"height":1.9},"minecraft:burns_in_daylight":{},"minecraft:health":{"value":20,"max":20},"minecraft:hurt_on_condition":{"damage_conditions":[{"filters":{"test":"in_lava","subject":"self","operator":"==","value":true},"cause":"lava","damage_per_tick":4}]},"minecraft:attack":{"damage":3},"minecraft:physics":{},"minecraft:pushable":{"is_pushable":true,"is_pushable_by_piston":true},"minecraft:movement":{"value":0.23},"minecraft:rideable":{"seat_count":1,"family_types":["zombie"],"seats":{"position":[0.0,1.1,-0.35]}},"minecraft:underwater_movement":{"value":0.02}},"cda002:bee":{"minecraft:variant":{"value":28},"minecraft:mark_variant":{"value":-1},"minecraft:leashable":{"soft_distance":4.0,"hard_distance":6.0,"max_distance":10.0},"minecraft:type_family":{"family":["bee","mob","arthropod"]},"minecraft:breathable":{"totalSupply":15,"suffocateTime":0},"minecraft:collision_box":{"width":0.55,"height":0.5},"minecraft:damage_sensor":{"triggers":{"cause":"fall","deals_damage":false}},"minecraft:hurt_on_condition":{"damage_conditions":[{"filters":{"test":"in_lava","subject":"self","operator":"==","value":true},"cause":"lava","damage_per_tick":4}]},"minecraft:movement":{"value":0.3},"minecraft:flying_speed":{"value":0.15},"minecraft:movement.hover":{},"minecraft:jump.static":{},"minecraft:can_fly":{},"minecraft:health":{"value":10,"max":10},"minecraft:physics":{},"minecraft:pushable":{"is_pushable":true,"is_pushable_by_piston":true},"minecraft:attack":{"damage":2,"effect_name":"poison","effect_duration":10},"minecraft:underwater_movement":{"value":0.02}},"cda002:cave_spider":{"minecraft:variant":{"value":29},"minecraft:mark_variant":{"value":-1},"minecraft:is_hidden_when_invisible":{},"minecraft:type_family":{"family":["cavespider","monster","arthropod","mob"]},"minecraft:breathable":{"total_supply":15,"suffocate_time":0},"minecraft:loot":{"table":"loot_tables/entities/spider.json"},"minecraft:collision_box":{"width":0.7,"height":0.5},"minecraft:health":{"value":12,"max":12},"minecraft:hurt_on_condition":{"damage_conditions":[{"filters":{"test":"in_lava","subject":"self","operator":"==","value":true},"cause":"lava","damage_per_tick":4}]},"minecraft:movement":{"value":0.3},"minecraft:movement.basic":{},"minecraft:jump.static":{},"minecraft:can_climb":{},"minecraft:rideable":{"seat_count":1,"family_types":["zombie"],"seats":{"position":[0.0,0.3,0.0]}},"minecraft:physics":{},"minecraft:pushable":{"is_pushable":true,"is_pushable_by_piston":true},"minecraft:attack":{"damage":2,"effect_name":"poison","effect_duration":7},"minecraft:underwater_movement":{"value":0.02}},"cda002:dolphin":{"minecraft:variant":{"value":30},"minecraft:mark_variant":{"value":-1},"minecraft:is_hidden_when_invisible":{},"minecraft:type_family":{"family":["dolphin","mob"]},"minecraft:collision_box":{"width":0.9,"height":0.6},"minecraft:health":{"value":10,"max":10},"minecraft:hurt_on_condition":{"damage_conditions":[{"filters":{"test":"in_lava","subject":"self","operator":"==","value":true},"cause":"lava","damage_per_tick":4}]},"minecraft:breathable":{"total_supply":240,"suffocate_time":0,"breathes_air":true,"breathes_water":false,"generates_bubbles":false},"minecraft:attack":{"damage":3},"minecraft:movement":{"value":0.1},"minecraft:underwater_movement":{"value":0.15},"minecraft:jump.static":{"jump_power":0.6},"minecraft:can_climb":{},"minecraft:physics":{},"minecraft:pushable":{"is_pushable":true,"is_pushable_by_piston":true},"minecraft:leashable":{"soft_distance":4.0,"hard_distance":6.0,"max_distance":10.0},"minecraft:loot":{"table":"loot_tables/entities/dolphin.json"}},"cda002:enderman":{"minecraft:variant":{"value":31},"minecraft:mark_variant":{"value":-1},"minecraft:is_hidden_when_invisible":{},"minecraft:type_family":{"family":["enderman","monster","mob"]},"minecraft:breathable":{"total_supply":15,"suffocate_time":0},"minecraft:loot":{"table":"loot_tables/entities/enderman.json"},"minecraft:health":{"value":40,"max":40},"minecraft:hurt_on_condition":{"damage_conditions":[{"filters":{"test":"in_lava","subject":"self","operator":"==","value":true},"cause":"lava","damage_per_tick":4},{"filters":{"test":"in_contact_with_water","operator":"==","value":true},"cause":"drowning","damage_per_tick":1}]},"minecraft:attack":{"damage":7},"minecraft:collision_box":{"width":0.6,"height":2.9},"minecraft:movement.basic":{},"minecraft:jump.static":{},"minecraft:can_climb":{},"minecraft:physics":{},"minecraft:pushable":{"is_pushable":true,"is_pushable_by_piston":true},"minecraft:movement":{"value":0.3},"minecraft:underwater_movement":{"value":0.02}},"cda002:iron_golem":{"minecraft:variant":{"value":32},"minecraft:mark_variant":{"value":-1},"minecraft:is_hidden_when_invisible":{},"minecraft:type_family":{"family":["irongolem","mob"]},"minecraft:collision_box":{"width":1.4,"height":2.9},"minecraft:loot":{"table":"loot_tables/entities/iron_golem.json"},"minecraft:health":{"value":100,"max":100},"minecraft:hurt_on_condition":{"damage_conditions":[{"filters":{"test":"in_lava","subject":"self","operator":"==","value":true},"cause":"lava","damage_per_tick":4}]},"minecraft:movement":{"value":0.25},"minecraft:movement.basic":{},"minecraft:jump.static":{},"minecraft:can_climb":{},"minecraft:attack":{"damage":{"range_min":7,"range_max":21}},"minecraft:damage_sensor":{"triggers":{"cause":"fall","deals_damage":false}},"minecraft:knockback_resistance":{"value":1.0},"minecraft:leashable":{"soft_distance":4.0,"hard_distance":6.0,"max_distance":10.0},"minecraft:balloonable":{"mass":2.0},"minecraft:physics":{},"minecraft:pushable":{"is_pushable":true,"is_pushable_by_piston":true},"minecraft:breathable":{"total_supply":15,"suffocate_time":0},"minecraft:underwater_movement":{"value":0.02}},"cda002:llama":{"minecraft:variant":{"value":33},"minecraft:mark_variant":{"value":3},"minecraft:is_hidden_when_invisible":{},"minecraft:type_family":{"family":["llama","mob"]},"minecraft:breathable":{"total_supply":15,"suffocate_time":0},"minecraft:health":{"value":{"range_min":15,"range_max":30}},"minecraft:hurt_on_condition":{"damage_conditions":[{"filters":{"test":"in_lava","subject":"self","operator":"==","value":true},"cause":"lava","damage_per_tick":4}]},"minecraft:movement":{"value":0.25},"minecraft:movement.basic":{},"minecraft:jump.static":{},"minecraft:leashable":{"soft_distance":4.0,"hard_distance":6.0,"max_distance":10.0,"can_be_stolen":true},"minecraft:balloonable":{},"minecraft:shooter":{"def":"minecraft:llama_spit"},"minecraft:physics":{},"minecraft:pushable":{"is_pushable":true,"is_pushable_by_piston":true},"minecraft:loot":{"table":"loot_tables/entities/llama.json"},"minecraft:collision_box":{"width":0.9,"height":1.87},"minecraft:underwater_movement":{"value":0.02}},"cda002:piglin":{"minecraft:variant":{"value":34},"minecraft:mark_variant":{"value":-1},"minecraft:is_hidden_when_invisible":{},"minecraft:collision_box":{"width":0.6,"height":1.9},"minecraft:breathable":{"total_supply":15,"suffocate_time":0},"minecraft:health":{"value":16,"max":16},"minecraft:hurt_on_condition":{"damage_conditions":[{"filters":{"test":"in_lava","subject":"self","operator":"==","value":true},"cause":"lava","damage_per_tick":4}]},"minecraft:loot":{"table":"loot_tables/entities/piglin.json"},"minecraft:annotation.open_door":{},"minecraft:movement.basic":{},"minecraft:jump.static":{},"minecraft:inventory":{"inventory_size":8},"minecraft:physics":{},"minecraft:pushable":{"is_pushable":true,"is_pushable_by_piston":true},"minecraft:attack":{"damage":5},"minecraft:movement":{"value":0.35},"minecraft:barter":{"barter_table":"loot_tables/entities/piglin_barter.json","cooldown_after_being_attacked":20},"minecraft:type_family":{"family":["piglin","monster"]},"minecraft:underwater_movement":{"value":0.02}},"cda002:panda":{"minecraft:variant":{"value":35},"minecraft:mark_variant":{"value":-1},"minecraft:is_hidden_when_invisible":{},"minecraft:type_family":{"family":["panda"]},"minecraft:breathable":{"total_supply":15,"suffocate_time":0},"minecraft:movement.basic":{},"minecraft:scale":{"value":1.0},"minecraft:jump.static":{},"minecraft:can_climb":{},"minecraft:collision_box":{"width":1.7,"height":1.5},"minecraft:health":{"value":20,"max":20},"minecraft:hurt_on_condition":{"damage_conditions":[{"filters":{"test":"in_lava","subject":"self","operator":"==","value":true},"cause":"lava","damage_per_tick":4}]},"minecraft:movement":{"value":0.15},"minecraft:water_movement":{"drag_factor":0.98},"minecraft:balloonable":{"mass":1.5},"minecraft:rideable":{"seat_count":1,"family_types":["zombie"],"seats":{"position":[0.0,1.105,0.0]}},"minecraft:physics":{},"minecraft:pushable":{"is_pushable":true,"is_pushable_by_piston":true},"minecraft:loot":{"table":"loot_tables/entities/panda.json"},"minecraft:attack":{"damage":2.0},"minecraft:underwater_movement":{"value":0.02}},"cda002:polar_bear":{"minecraft:variant":{"value":36},"minecraft:mark_variant":{"value":-1},"minecraft:is_hidden_when_invisible":{},"minecraft:type_family":{"family":["polarbear","mob"]},"minecraft:breathable":{"total_supply":15,"suffocate_time":0},"minecraft:health":{"value":30},"minecraft:hurt_on_condition":{"damage_conditions":[{"filters":{"test":"in_lava","subject":"self","operator":"==","value":true},"cause":"lava","damage_per_tick":4}]},"minecraft:collision_box":{"width":1.3,"height":1.4},"minecraft:movement":{"value":0.25},"minecraft:water_movement":{"drag_factor":0.98},"minecraft:movement.basic":{},"minecraft:jump.static":{},"minecraft:can_climb":{},"minecraft:physics":{},"minecraft:pushable":{"is_pushable":true,"is_pushable_by_piston":true},"minecraft:leashable":{"soft_distance":4.0,"hard_distance":6.0,"max_distance":10.0},"minecraft:loot":{"table":"loot_tables/entities/polar_bear.json"},"minecraft:underwater_movement":{"value":0.02}},"cda002:spider":{"minecraft:variant":{"value":37},"minecraft:mark_variant":{"value":-1},"minecraft:is_hidden_when_invisible":{},"minecraft:type_family":{"family":["spider","monster","mob","arthropod"]},"minecraft:breathable":{"total_supply":15,"suffocate_time":0},"minecraft:loot":{"table":"loot_tables/entities/spider.json"},"minecraft:collision_box":{"width":1.4,"height":0.9},"minecraft:health":{"value":16,"max":16},"minecraft:hurt_on_condition":{"damage_conditions":[{"filters":{"test":"in_lava","subject":"self","operator":"==","value":true},"cause":"lava","damage_per_tick":4}]},"minecraft:movement":{"value":0.3},"minecraft:movement.basic":{},"minecraft:jump.static":{},"minecraft:can_climb":{},"minecraft:attack":{"damage":3},"minecraft:rideable":{"seat_count":1,"family_types":["zombie"],"seats":{"position":[0.0,0.54,-0.1]}},"minecraft:physics":{},"minecraft:pushable":{"is_pushable":true,"is_pushable_by_piston":true},"minecraft:underwater_movement":{"value":0.02}},"cda002:wolf":{"minecraft:variant":{"value":38},"minecraft:mark_variant":{"value":-1},"minecraft:loot":{"table":"loot_tables/entities/wolf.json"},"minecraft:is_hidden_when_invisible":{},"minecraft:type_family":{"family":["wolf","mob"]},"minecraft:breathable":{"total_supply":15,"suffocate_time":0},"minecraft:collision_box":{"width":0.6,"height":0.8},"minecraft:health":{"value":8,"max":8},"minecraft:hurt_on_condition":{"damage_conditions":[{"filters":{"test":"in_lava","subject":"self","operator":"==","value":true},"cause":"lava","damage_per_tick":4}]},"minecraft:movement":{"value":0.3},"minecraft:movement.basic":{},"minecraft:jump.static":{},"minecraft:can_climb":{},"minecraft:attack":{"damage":3},"minecraft:physics":{},"minecraft:pushable":{"is_pushable":true,"is_pushable_by_piston":true},"minecraft:underwater_movement":{"value":0.02}},"cda002:zombified_piglin":{"minecraft:variant":{"value":39},"minecraft:mark_variant":{"value":-1},"minecraft:rideable":{"seat_count":1,"family_types":["zombie"],"seats":{"position":[0.0,1.1,-0.35],"lock_rider_rotation":0}},"minecraft:is_hidden_when_invisible":{},"minecraft:breathable":{"total_supply":15,"suffocate_time":0,"breathes_water":true},"minecraft:collision_box":{"width":0.6,"height":1.9},"minecraft:movement.basic":{},"minecraft:jump.static":{},"minecraft:can_climb":{},"minecraft:type_family":{"family":["zombie_pigman","undead","monster","mob"]},"minecraft:loot":{"table":"loot_tables/entities/zombie_pigman.json"},"minecraft:health":{"value":20,"max":20},"minecraft:movement":{"value":0.23},"minecraft:attack":{"damage":5},"minecraft:physics":{},"minecraft:pushable":{"is_pushable":true,"is_pushable_by_piston":true},"minecraft:underwater_movement":{"value":0.02}},"cda002:bat":{"minecraft:variant":{"value":40},"minecraft:mark_variant":{"value":-1},"minecraft:is_hidden_when_invisible":{},"minecraft:type_family":{"family":["bat","mob"]},"minecraft:breathable":{"total_supply":15,"suffocate_time":0},"minecraft:collision_box":{"width":0.5,"height":0.9},"minecraft:damage_sensor":{"triggers":{"cause":"fall","deals_damage":false}},"minecraft:hurt_on_condition":{"damage_conditions":[{"filters":{"test":"in_lava","subject":"self","operator":"==","value":true},"cause":"lava","damage_per_tick":4}]},"minecraft:movement":{"value":0.1},"minecraft:movement.basic":{},"minecraft:jump.static":{},"minecraft:can_fly":{},"minecraft:health":{"value":6,"max":6},"minecraft:physics":{},"minecraft:underwater_movement":{"value":0.02}},"cda002:cat":{"minecraft:variant":{"value":41},"minecraft:mark_variant":{"value":-1},"minecraft:loot":{"table":"loot_tables/entities/cat.json"},"minecraft:scale":{"value":0.8},"minecraft:is_hidden_when_invisible":{},"minecraft:attack_damage":{"value":4},"minecraft:type_family":{"family":["cat","mob"]},"minecraft:breathable":{"total_supply":15,"suffocate_time":0},"minecraft:collision_box":{"width":0.6,"height":0.7},"minecraft:hurt_on_condition":{"damage_conditions":[{"filters":{"test":"in_lava","subject":"self","operator":"==","value":true},"cause":"lava","damage_per_tick":4}]},"minecraft:movement":{"value":0.3},"minecraft:movement.basic":{},"minecraft:jump.static":{},"minecraft:can_climb":{},"minecraft:damage_sensor":{"triggers":{"cause":"fall","deals_damage":false}},"minecraft:physics":{},"minecraft:pushable":{"is_pushable":true,"is_pushable_by_piston":true},"minecraft:health":{"value":20,"max":20},"minecraft:underwater_movement":{"value":0.02}},"cda002:chicken":{"minecraft:variant":{"value":42},"minecraft:mark_variant":{"value":-1},"minecraft:loot":{"table":"loot_tables/entities/chicken.json"},"minecraft:rideable":{"seat_count":1,"family_types":["zombie"],"seats":{"position":[0.0,0.4,0.0]}},"minecraft:spawn_entity":{"entities":{"min_wait_time":300,"max_wait_time":600,"spawn_sound":"plop","spawn_item":"egg","filters":{"test":"rider_count","subject":"self","operator":"==","value":0}}},"minecraft:is_hidden_when_invisible":{},"minecraft:type_family":{"family":["chicken","mob"]},"minecraft:breathable":{"total_supply":15,"suffocate_time":0},"minecraft:collision_box":{"width":0.6,"height":0.8},"minecraft:nameable":{},"minecraft:health":{"value":4,"max":4},"minecraft:hurt_on_condition":{"damage_conditions":[{"filters":{"test":"in_lava","subject":"self","operator":"==","value":true},"cause":"lava","damage_per_tick":4}]},"minecraft:movement":{"value":0.25},"minecraft:damage_sensor":{"triggers":{"cause":"fall","deals_damage":false}},"minecraft:leashable":{"soft_distance":4.0,"hard_distance":6.0,"max_distance":10.0},"minecraft:balloonable":{"mass":0.5},"minecraft:movement.basic":{},"minecraft:jump.static":{},"minecraft:can_climb":{},"minecraft:physics":{},"minecraft:pushable":{"is_pushable":true,"is_pushable_by_piston":true},"minecraft:underwater_movement":{"value":0.02}},"cda002:cod":{"minecraft:variant":{"value":43},"minecraft:mark_variant":{"value":-1},"minecraft:is_hidden_when_invisible":{},"minecraft:type_family":{"family":["cod","fish"]},"minecraft:collision_box":{"width":0.6,"height":0.3},"minecraft:health":{"value":6,"max":6},"minecraft:hurt_on_condition":{"damage_conditions":[{"filters":{"test":"in_lava","subject":"self","operator":"==","value":true},"cause":"lava","damage_per_tick":4}]},"minecraft:loot":{"table":"loot_tables/entities/fish.json"},"minecraft:scale":{"value":1.0},"minecraft:breathable":{"total_supply":15,"suffocate_time":0,"breathes_air":false,"breathes_water":true},"minecraft:movement":{"value":0.1},"minecraft:underwater_movement":{"value":0.1},"minecraft:physics":{"has_gravity":true},"minecraft:pushable":{"is_pushable":true,"is_pushable_by_piston":true},"minecraft:movement.sway":{"sway_amplitude":0.0}},"cda002:cow":{"minecraft:variant":{"value":44},"minecraft:mark_variant":{"value":-1},"minecraft:loot":{"table":"loot_tables/entities/cow.json"},"minecraft:is_hidden_when_invisible":{},"minecraft:type_family":{"family":["cow","mob"]},"minecraft:breathable":{"total_supply":15,"suffocate_time":0},"minecraft:movement.basic":{},"minecraft:jump.static":{},"minecraft:can_climb":{},"minecraft:collision_box":{"width":0.9,"height":1.3},"minecraft:health":{"value":10,"max":10},"minecraft:hurt_on_condition":{"damage_conditions":[{"filters":{"test":"in_lava","subject":"self","operator":"==","value":true},"cause":"lava","damage_per_tick":4}]},"minecraft:movement":{"value":0.25},"minecraft:leashable":{"soft_distance":4.0,"hard_distance":6.0,"max_distance":10.0},"minecraft:balloonable":{},"minecraft:rideable":{"seat_count":1,"family_types":["zombie"],"seats":{"position":[0.0,1.105,0.0]}},"minecraft:physics":{},"minecraft:pushable":{"is_pushable":true,"is_pushable_by_piston":true},"minecraft:underwater_movement":{"value":0.02}},"cda002:donkey":{"minecraft:variant":{"value":45},"minecraft:mark_variant":{"value":-1},"minecraft:loot":{"table":"loot_tables/entities/horse.json"},"minecraft:is_hidden_when_invisible":{},"minecraft:type_family":{"family":["donkey","mob"]},"minecraft:breathable":{"total_supply":15,"suffocate_time":0},"minecraft:collision_box":{"width":1.4,"height":1.6},"minecraft:health":{"value":{"range_min":15,"range_max":30}},"minecraft:hurt_on_condition":{"damage_conditions":[{"filters":{"test":"in_lava","subject":"self","operator":"==","value":true},"cause":"lava","damage_per_tick":4}]},"minecraft:movement":{"value":0.175},"minecraft:movement.basic":{},"minecraft:jump.static":{},"minecraft:nameable":{},"minecraft:horse.jump_strength":{"value":0.5},"minecraft:leashable":{"soft_distance":4.0,"hard_distance":6.0,"max_distance":10.0},"minecraft:balloonable":{},"minecraft:physics":{},"minecraft:pushable":{"is_pushable":true,"is_pushable_by_piston":true},"minecraft:underwater_movement":{"value":0.02}},"cda002:fox":{"minecraft:variant":{"value":46},"minecraft:mark_variant":{"value":-1},"minecraft:loot":{"table":"loot_tables/entities/fox.json"},"minecraft:is_hidden_when_invisible":{},"minecraft:type_family":{"family":["fox","lightweight","mob"]},"minecraft:breathable":{"totalSupply":15,"suffocateTime":0},"minecraft:movement.basic":{},"minecraft:jump.static":{},"minecraft:can_climb":{},"minecraft:collision_box":{"width":0.6,"height":0.7},"minecraft:health":{"value":20,"max":20},"minecraft:movement":{"value":0.3},"minecraft:attack":{"damage":2},"minecraft:damage_sensor":{"triggers":[{"on_damage":{"filters":{"test":"is_block","subject":"block","value":"minecraft:sweet_berry_bush"}},"deals_damage":false}]},"minecraft:leashable":{"soft_distance":4.0,"hard_distance":6.0,"max_distance":10.0},"minecraft:balloonable":{"mass":0.6},"minecraft:physics":{},"minecraft:pushable":{"is_pushable":true,"is_pushable_by_piston":true},"minecraft:block_climber":{},"minecraft:underwater_movement":{"value":0.02}},"cda002:horse":{"minecraft:variant":{"value":47},"minecraft:mark_variant":{"value":-1},"minecraft:loot":{"table":"loot_tables/entities/horse.json"},"minecraft:is_hidden_when_invisible":{},"minecraft:type_family":{"family":["horse","mob"]},"minecraft:breathable":{"total_supply":15,"suffocate_time":0},"minecraft:collision_box":{"width":1.4,"height":1.6},"minecraft:health":{"value":{"range_min":15,"range_max":30}},"minecraft:hurt_on_condition":{"damage_conditions":[{"filters":{"test":"in_lava","subject":"self","operator":"==","value":true},"cause":"lava","damage_per_tick":4}]},"minecraft:movement":{"value":{"range_min":0.1125,"range_max":0.3375}},"minecraft:movement.basic":{},"minecraft:jump.static":{},"minecraft:horse.jump_strength":{"value":{"range_min":0.4,"range_max":1.0}},"minecraft:leashable":{"soft_distance":4.0,"hard_distance":6.0,"max_distance":10.0},"minecraft:balloonable":{},"minecraft:physics":{},"minecraft:pushable":{"is_pushable":true,"is_pushable_by_piston":true},"minecraft:underwater_movement":{"value":0.02}},"cda002:mooshroom":{"minecraft:variant":{"value":48},"minecraft:mark_variant":{"value":-1},"minecraft:loot":{"table":"loot_tables/entities/mooshroom.json"},"minecraft:is_hidden_when_invisible":{},"minecraft:type_family":{"family":["mushroomcow","mob"]},"minecraft:breathable":{"total_supply":15,"suffocate_time":0},"minecraft:collision_box":{"width":0.9,"height":1.3},"minecraft:health":{"value":10,"max":10},"minecraft:hurt_on_condition":{"damage_conditions":[{"filters":{"test":"in_lava","subject":"self","operator":"==","value":true},"cause":"lava","damage_per_tick":4}]},"minecraft:movement":{"value":0.25},"minecraft:movement.basic":{},"minecraft:jump.static":{},"minecraft:can_climb":{},"minecraft:leashable":{"soft_distance":4.0,"hard_distance":6.0,"max_distance":10.0},"minecraft:balloonable":{},"minecraft:rideable":{"seat_count":1,"family_types":["zombie"],"seats":{"position":[0.0,1.105,0.0]}},"minecraft:physics":{},"minecraft:pushable":{"is_pushable":true,"is_pushable_by_piston":true},"minecraft:underwater_movement":{"value":0.02}},"cda002:mule":{"minecraft:variant":{"value":49},"minecraft:mark_variant":{"value":-1},"minecraft:loot":{"table":"loot_tables/entities/horse.json"},"minecraft:is_hidden_when_invisible":{},"minecraft:type_family":{"family":["mule","mob"]},"minecraft:breathable":{"total_supply":15,"suffocate_time":0},"minecraft:collision_box":{"width":1.4,"height":1.6},"minecraft:health":{"value":{"range_min":15,"range_max":30}},"minecraft:hurt_on_condition":{"damage_conditions":[{"filters":{"test":"in_lava","subject":"self","operator":"==","value":true},"cause":"lava","damage_per_tick":4}]},"minecraft:movement":{"value":0.175},"minecraft:movement.basic":{},"minecraft:jump.static":{},"minecraft:nameable":{},"minecraft:horse.jump_strength":{"value":0.5},"minecraft:leashable":{"soft_distance":4.0,"hard_distance":6.0,"max_distance":10.0},"minecraft:balloonable":{},"minecraft:physics":{},"minecraft:pushable":{"is_pushable":true,"is_pushable_by_piston":true},"minecraft:underwater_movement":{"value":0.02}},"cda002:ocelot":{"minecraft:variant":{"value":50},"minecraft:mark_variant":{"value":-1},"minecraft:loot":{"table":"loot_tables/entities/ocelot.json"},"minecraft:scale":{"value":1},"minecraft:is_hidden_when_invisible":{},"minecraft:health":{"value":10,"max":10},"minecraft:hurt_on_condition":{"damage_conditions":[{"filters":{"test":"in_lava","subject":"self","operator":"==","value":true},"cause":"lava","damage_per_tick":4}]},"minecraft:attack_damage":{"value":4},"minecraft:type_family":{"family":["ocelot","mob"]},"minecraft:breathable":{"total_supply":15,"suffocate_time":0},"minecraft:collision_box":{"width":0.6,"height":0.7},"minecraft:movement":{"value":0.3},"minecraft:movement.basic":{},"minecraft:jump.static":{},"minecraft:can_climb":{},"minecraft:damage_sensor":{"triggers":{"cause":"fall","deals_damage":false}},"minecraft:leashable":{"soft_distance":4.0,"hard_distance":6.0,"max_distance":10.0,"on_leash":{"event":"minecraft:on_leash","target":"self"},"on_unleash":{"event":"minecraft:on_unleash","target":"self"}},"minecraft:physics":{},"minecraft:pushable":{"is_pushable":true,"is_pushable_by_piston":true},"minecraft:underwater_movement":{"value":0.02}},"cda002:parrot":{"minecraft:variant":{"value":51},"minecraft:mark_variant":{"value":-1},"minecraft:loot":{"table":"loot_tables/entities/parrot.json"},"minecraft:type_family":{"family":["parrot_wild","mob"]},"minecraft:is_hidden_when_invisible":{},"minecraft:breathable":{"total_supply":15,"suffocate_time":0},"minecraft:collision_box":{"width":0.5,"height":1},"minecraft:health":{"value":6,"max":6},"minecraft:hurt_on_condition":{"damage_conditions":[{"filters":{"test":"in_lava","subject":"self","operator":"==","value":true},"cause":"lava","damage_per_tick":4}]},"minecraft:movement":{"value":0.4},"minecraft:damage_sensor":{"triggers":{"cause":"fall","deals_damage":false}},"minecraft:jump.static":{},"minecraft:can_fly":{},"minecraft:movement.fly":{},"minecraft:physics":{},"minecraft:pushable":{"is_pushable":true,"is_pushable_by_piston":true},"minecraft:leashable":{"soft_distance":4.0,"hard_distance":6.0,"max_distance":10.0},"minecraft:underwater_movement":{"value":0.02}},"cda002:pig":{"minecraft:variant":{"value":52},"minecraft:mark_variant":{"value":-1},"minecraft:loot":{"table":"loot_tables/entities/pig.json"},"minecraft:is_hidden_when_invisible":{},"minecraft:type_family":{"family":["pig","mob"]},"minecraft:breathable":{"total_supply":15,"suffocate_time":0},"minecraft:health":{"value":10,"max":10},"minecraft:hurt_on_condition":{"damage_conditions":[{"filters":{"test":"in_lava","subject":"self","operator":"==","value":true},"cause":"lava","damage_per_tick":4}]},"minecraft:movement":{"value":0.25},"minecraft:movement.basic":{},"minecraft:jump.static":{},"minecraft:can_climb":{},"minecraft:collision_box":{"width":0.9,"height":0.9},"minecraft:leashable":{"soft_distance":4.0,"hard_distance":6.0,"max_distance":10.0},"minecraft:balloonable":{"mass":0.75},"minecraft:physics":{},"minecraft:pushable":{"is_pushable":true,"is_pushable_by_piston":true},"minecraft:underwater_movement":{"value":0.02}},"cda002:pufferfish":{"minecraft:variant":{"value":53},"minecraft:mark_variant":{"value":-1},"minecraft:is_hidden_when_invisible":{},"minecraft:type_family":{"family":["pufferfish","fish"]},"minecraft:collision_box":{"width":0.8,"height":0.8},"minecraft:loot":{"table":"loot_tables/entities/pufferfish.json"},"minecraft:scale":{"value":1.2},"minecraft:health":{"value":6,"max":6},"minecraft:hurt_on_condition":{"damage_conditions":[{"filters":{"test":"in_lava","subject":"self","operator":"==","value":true},"cause":"lava","damage_per_tick":4}]},"minecraft:breathable":{"total_supply":15,"suffocate_time":0,"breathes_air":false,"breathes_water":true},"minecraft:movement":{"value":0.13},"minecraft:underwater_movement":{"value":0.13},"minecraft:movement.sway":{"sway_amplitude":0.0},"minecraft:physics":{"has_gravity":true},"minecraft:pushable":{"is_pushable":true,"is_pushable_by_piston":true}},"cda002:rabbit":{"minecraft:variant":{"value":54},"minecraft:mark_variant":{"value":-1},"minecraft:loot":{"table":"loot_tables/entities/rabbit.json"},"minecraft:scale":{"value":0.6},"minecraft:is_hidden_when_invisible":{},"minecraft:type_family":{"family":["rabbit","lightweight","mob"]},"minecraft:breathable":{"total_supply":15,"suffocate_time":0},"minecraft:health":{"value":3,"max":3},"minecraft:hurt_on_condition":{"damage_conditions":[{"filters":{"test":"in_lava","subject":"self","operator":"==","value":true},"cause":"lava","damage_per_tick":4}]},"minecraft:collision_box":{"width":0.67,"height":0.67},"minecraft:movement":{"value":0.3},"minecraft:movement.skip":{},"minecraft:jump.dynamic":{},"minecraft:can_climb":{},"minecraft:leashable":{"soft_distance":4.0,"hard_distance":6.0,"max_distance":10.0},"minecraft:balloonable":{"mass":0.4},"minecraft:physics":{},"minecraft:pushable":{"is_pushable":true,"is_pushable_by_piston":true},"minecraft:block_climber":{},"minecraft:underwater_movement":{"value":0.02}},"cda002:salmon":{"minecraft:variant":{"value":55},"minecraft:mark_variant":{"value":-1},"minecraft:health":{"value":6,"max":6},"minecraft:is_hidden_when_invisible":{},"minecraft:type_family":{"family":["salmon","fish"]},"minecraft:collision_box":{"width":0.5,"height":0.5},"minecraft:breathable":{"total_supply":15,"suffocate_time":0,"breathes_air":false,"breathes_water":true},"minecraft:hurt_on_condition":{"damage_conditions":[{"filters":{"test":"in_lava","subject":"self","operator":"==","value":true},"cause":"lava","damage_per_tick":4}]},"minecraft:movement":{"value":0.12},"minecraft:underwater_movement":{"value":0.12},"minecraft:movement.sway":{"sway_amplitude":0.0},"minecraft:physics":{"has_gravity":true},"minecraft:pushable":{"is_pushable":true,"is_pushable_by_piston":true}},"cda002:sheep":{"minecraft:variant":{"value":56},"minecraft:mark_variant":{"value":-1},"minecraft:is_hidden_when_invisible":{},"minecraft:type_family":{"family":["sheep","mob"]},"minecraft:breathable":{"total_supply":15,"suffocate_time":0},"minecraft:collision_box":{"width":0.9,"height":1.3},"minecraft:health":{"value":8,"max":8},"minecraft:hurt_on_condition":{"damage_conditions":[{"filters":{"test":"in_lava","subject":"self","operator":"==","value":true},"cause":"lava","damage_per_tick":4}]},"minecraft:movement":{"value":0.25},"minecraft:movement.basic":{},"minecraft:jump.static":{},"minecraft:can_climb":{},"minecraft:leashable":{"soft_distance":4.0,"hard_distance":6.0,"max_distance":10.0},"minecraft:balloonable":{"mass":0.75},"minecraft:physics":{},"minecraft:pushable":{"is_pushable":true,"is_pushable_by_piston":true},"minecraft:underwater_movement":{"value":0.02}},"cda002:skeleton_horse":{"minecraft:variant":{"value":57},"minecraft:mark_variant":{"value":-1},"minecraft:loot":{"table":"loot_tables/entities/skeleton_horse.json"},"minecraft:collision_box":{"width":1.4,"height":1.6},"minecraft:is_hidden_when_invisible":{},"minecraft:type_family":{"family":["skeletonhorse","undead","mob"]},"minecraft:breathable":{"total_supply":15,"suffocate_time":0,"breathes_water":true},"minecraft:health":{"value":15,"max":15},"minecraft:hurt_on_condition":{"damage_conditions":[{"filters":{"test":"in_lava","subject":"self","operator":"==","value":true},"cause":"lava","damage_per_tick":4}]},"minecraft:movement":{"value":0.2},"minecraft:underwater_movement":{"value":0.08},"minecraft:movement.basic":{},"minecraft:jump.static":{},"minecraft:horse.jump_strength":{"value":{"range_min":0.4,"range_max":1.0}},"minecraft:leashable":{"soft_distance":4.0,"hard_distance":6.0,"max_distance":10.0},"minecraft:rideable":{"seat_count":1,"family_types":["player","skeleton","zombie"],"interact_text":"action.interact.ride.horse","seats":{"position":[0.0,1.2,-0.2]}},"minecraft:input_ground_controlled":{},"minecraft:can_power_jump":{},"minecraft:balloonable":{},"minecraft:is_tamed":{},"minecraft:physics":{},"minecraft:pushable":{"is_pushable":true,"is_pushable_by_piston":true}},"cda002:snow_golem":{"minecraft:variant":{"value":58},"minecraft:mark_variant":{"value":-1},"minecraft:is_hidden_when_invisible":{},"minecraft:type_family":{"family":["snowgolem","mob"]},"minecraft:breathable":{"total_supply":15,"suffocate_time":0},"minecraft:collision_box":{"width":0.4,"height":1.8},"minecraft:loot":{"table":"loot_tables/entities/snowman.json"},"minecraft:health":{"value":4,"max":4},"minecraft:movement":{"value":0.2},"minecraft:movement.basic":{},"minecraft:jump.static":{},"minecraft:can_climb":{},"minecraft:attack":{"damage":2},"minecraft:damage_sensor":{"triggers":{"cause":"fall","deals_damage":false}},"minecraft:hurt_on_condition":{"damage_conditions":[{"filters":{"test":"in_lava","subject":"self","operator":"==","value":true},"cause":"lava","damage_per_tick":4},{"filters":{"test":"is_temperature_value","operator":">","value":1.0},"cause":"temperature","damage_per_tick":1},{"filters":{"test":"in_contact_with_water","operator":"==","value":true},"cause":"drowning","damage_per_tick":1}]},"minecraft:leashable":{"soft_distance":4.0,"hard_distance":6.0,"max_distance":10.0},"minecraft:balloonable":{},"minecraft:shooter":{"def":"minecraft:snowball"},"minecraft:trail":{"block_type":"minecraft:snow_layer","spawn_filter":{"test":"is_temperature_value","operator":"<","value":0.81}},"minecraft:physics":{},"minecraft:pushable":{"is_pushable":true,"is_pushable_by_piston":true},"minecraft:underwater_movement":{"value":0.02}},"cda002:squid":{"minecraft:variant":{"value":59},"minecraft:mark_variant":{"value":-1},"minecraft:is_hidden_when_invisible":{},"minecraft:type_family":{"family":["squid","mob"]},"minecraft:collision_box":{"width":0.95,"height":0.95},"minecraft:health":{"value":10,"max":10},"minecraft:hurt_on_condition":{"damage_conditions":[{"filters":{"test":"in_lava","subject":"self","operator":"==","value":true},"cause":"lava","damage_per_tick":4}]},"minecraft:loot":{"table":"loot_tables/entities/squid.json"},"minecraft:breathable":{"total_supply":15,"suffocate_time":0,"breathes_air":false,"breathes_water":true},"minecraft:movement":{"value":0.2},"minecraft:movement.basic":{},"minecraft:jump.static":{},"minecraft:can_climb":{},"minecraft:leashable":{"soft_distance":4.0,"hard_distance":6.0,"max_distance":10.0},"minecraft:physics":{},"minecraft:pushable":{"is_pushable":true,"is_pushable_by_piston":true},"minecraft:underwater_movement":{"value":0.02}},"cda002:strider":{"minecraft:variant":{"value":60},"minecraft:mark_variant":{"value":-1},"minecraft:is_hidden_when_invisible":{},"minecraft:type_family":{"family":["strider","strider_adult","mob"]},"minecraft:loot":{"table":"loot_tables/entities/strider.json"},"minecraft:collision_box":{"width":0.9,"height":1.7},"minecraft:pushable":{"is_pushable":true,"is_pushable_by_piston":true},"minecraft:hurt_on_condition":{"damage_conditions":[{"filters":{"test":"in_contact_with_water","operator":"==","value":true},"cause":"drowning","damage_per_tick":1}]},"minecraft:leashable":{"soft_distance":4.0,"hard_distance":6.0,"max_distance":10.0},"minecraft:movement":{"value":0.16},"minecraft:movement.basic":{},"minecraft:jump.static":{},"minecraft:health":{"value":20,"max":20},"minecraft:physics":{},"minecraft:breathable":{"total_supply":15,"suffocate_time":0},"minecraft:underwater_movement":{"value":0.02}},"cda002:tropical_fish":{"minecraft:variant":{"value":61},"minecraft:mark_variant":{"value":-1},"minecraft:is_hidden_when_invisible":{},"minecraft:type_family":{"family":["tropicalfish","fish"]},"minecraft:collision_box":{"width":0.4,"height":0.4},"minecraft:health":{"value":6,"max":6},"minecraft:hurt_on_condition":{"damage_conditions":[{"filters":{"test":"in_lava","subject":"self","operator":"==","value":true},"cause":"lava","damage_per_tick":4}]},"minecraft:loot":{"table":"loot_tables/entities/tropicalfish.json"},"minecraft:scale":{"value":1.3},"minecraft:breathable":{"total_supply":15,"suffocate_time":0,"breathes_air":false,"breathes_water":true},"minecraft:movement":{"value":0.12},"minecraft:underwater_movement":{"value":0.12},"minecraft:movement.sway":{"sway_amplitude":0.0},"minecraft:physics":{"has_gravity":true},"minecraft:pushable":{"is_pushable":true,"is_pushable_by_piston":true}},"cda002:turtle":{"minecraft:variant":{"value":62},"minecraft:mark_variant":{"value":-1},"minecraft:type_family":{"family":["turtle","mob"]},"minecraft:collision_box":{"width":1.2,"height":0.4},"minecraft:underwater_movement":{"value":0.12},"minecraft:loot":{"table":"loot_tables/entities/sea_turtle.json"},"minecraft:is_hidden_when_invisible":{},"minecraft:breathable":{"total_supply":15,"suffocate_time":0,"breathes_water":true,"breathes_air":true,"generates_bubbles":false},"minecraft:health":{"value":30,"max":30},"minecraft:damage_sensor":{"triggers":{"cause":"lightning","deals_damage":true,"damage_multiplier":2000.0}},"minecraft:hurt_on_condition":{"damage_conditions":[{"filters":{"test":"in_lava","subject":"self","operator":"==","value":true},"cause":"lava","damage_per_tick":4}]},"minecraft:movement":{"value":0.1},"minecraft:water_movement":{"drag_factor":0.9},"minecraft:movement.amphibious":{"max_turn":5.0},"minecraft:jump.static":{},"minecraft:physics":{},"minecraft:pushable":{"is_pushable":true,"is_pushable_by_piston":true}},"cda002:villager":{"minecraft:variant":{"value":63},"minecraft:mark_variant":{"value":4},"minecraft:is_hidden_when_invisible":{},"minecraft:type_family":{"family":["villager","mob"]},"minecraft:breathable":{"total_supply":15,"suffocate_time":0},"minecraft:health":{"value":20,"max":20},"minecraft:hurt_on_condition":{"damage_conditions":[{"filters":{"test":"in_lava","subject":"self","operator":"==","value":true},"cause":"lava","damage_per_tick":4}]},"minecraft:collision_box":{"width":0.6,"height":1.9},"minecraft:movement":{"value":0.5},"minecraft:movement.basic":{},"minecraft:jump.static":{},"minecraft:can_climb":{},"minecraft:physics":{},"minecraft:pushable":{"is_pushable":true,"is_pushable_by_piston":true},"minecraft:underwater_movement":{"value":0.02}},"cda002:wandering_trader":{"minecraft:variant":{"value":64},"minecraft:mark_variant":{"value":-1},"minecraft:type_family":{"family":["wandering_trader","mob"]},"minecraft:is_hidden_when_invisible":{},"minecraft:breathable":{"total_supply":15,"suffocate_time":0},"minecraft:health":{"value":20,"max":20},"minecraft:hurt_on_condition":{"damage_conditions":[{"filters":{"test":"in_lava","subject":"self","operator":"==","value":true},"cause":"lava","damage_per_tick":4}]},"minecraft:collision_box":{"width":0.6,"height":1.9},"minecraft:movement":{"value":0.5},"minecraft:movement.basic":{},"minecraft:jump.static":{},"minecraft:can_climb":{},"minecraft:physics":{},"minecraft:pushable":{"is_pushable":true,"is_pushable_by_piston":true},"minecraft:underwater_movement":{"value":0.02}},"cda002:ender_dragon":{"minecraft:variant":{"value":65},"minecraft:mark_variant":{"value":-1},"minecraft:is_hidden_when_invisible":{},"minecraft:type_family":{"family":["dragon","mob"]},"minecraft:health":{"value":200,"max":200},"minecraft:boss":{"should_darken_sky":false,"hud_range":125},"minecraft:collision_box":{"width":13,"height":4},"minecraft:movement":{"value":0.3},"minecraft:knockback_resistance":{"value":100,"max":100},"minecraft:flying_speed":{"value":0.6},"minecraft:attack":{"damage":3},"minecraft:damage_sensor":{"triggers":{"cause":"fall","deals_damage":false}},"minecraft:physics":{"has_gravity":true,"has_collision":false},"minecraft:breathable":{"total_supply":15,"suffocate_time":0},"minecraft:underwater_movement":{"value":0.02}},"cda002:wither":{"minecraft:variant":{"value":66},"minecraft:mark_variant":{"value":-1},"minecraft:is_hidden_when_invisible":{},"minecraft:breathable":{"total_supply":15,"suffocate_time":0},"minecraft:boss":{"should_darken_sky":true,"hud_range":55},"minecraft:damage_sensor":{"triggers":{"on_damage":{"filters":{"test":"is_family","subject":"other","value":"undead"}},"deals_damage":false}},"minecraft:health":{"value":600,"max":600},"minecraft:collision_box":{"width":1,"height":3},"minecraft:loot":{"table":"loot_tables/entities/wither_boss.json"},"minecraft:movement":{"value":0.25},"minecraft:movement.basic":{"max_turn":180.0},"minecraft:jump.static":{},"minecraft:can_climb":{},"minecraft:can_fly":{},"minecraft:type_family":{"family":["wither","skeleton","monster","undead","mob"]},"minecraft:physics":{},"minecraft:pushable":{"is_pushable":true,"is_pushable_by_piston":true},"minecraft:underwater_movement":{"value":0.02}},"cda002:agent":{"minecraft:variant":{"value":67},"minecraft:mark_variant":{"value":-1},"minecraft:damage_sensor":{"triggers":{"cause":"all","deals_damage":false}},"minecraft:scale":{"value":1.0},"minecraft:collision_box":{"width":0.6,"height":0.93},"minecraft:movement":{"value":1,"max":1},"minecraft:physics":{},"minecraft:pushable":{"is_pushable":false,"is_pushable_by_piston":true},"minecraft:breathable":{"total_supply":15,"suffocate_time":0},"minecraft:underwater_movement":{"value":0.02}},"cda002:npc":{"minecraft:variant":{"value":68},"minecraft:mark_variant":{"value":-1},"minecraft:damage_sensor":{"triggers":{"cause":"all","deals_damage":false}},"minecraft:type_family":{"family":["npc","mob"]},"minecraft:movement":{"value":0.5},"minecraft:loot":{"table":"loot_tables/empty.json"},"minecraft:collision_box":{"width":0.6,"height":2.1},"minecraft:physics":{},"minecraft:breathable":{"total_supply":15,"suffocate_time":0},"minecraft:underwater_movement":{"value":0.02}},"cda002:axolotl":{"minecraft:variant":{"value":69},"minecraft:mark_variant":{"value":-1},"minecraft:is_hidden_when_invisible":{},"minecraft:type_family":{"family":["axolotl","mob"]},"minecraft:collision_box":{"width":0.75,"height":0.42},"minecraft:breathable":{"total_supply":15,"suffocate_time":0,"breathes_water":true,"breathes_air":true,"generates_bubbles":false},"minecraft:nameable":{},"minecraft:health":{"value":14},"minecraft:damage_sensor":{"triggers":{"cause":"lightning","deals_damage":true,"damage_multiplier":2000.0}},"minecraft:hurt_on_condition":{"damage_conditions":[{"filters":{"test":"in_lava","subject":"self","operator":"==","value":true},"cause":"lava","damage_per_tick":4}]},"minecraft:movement.amphibious":{"max_turn":15.0},"minecraft:movement":{"value":0.1},"minecraft:underwater_movement":{"value":0.2},"minecraft:jump.static":{},"minecraft:physics":{},"minecraft:pushable":{"is_pushable":true,"is_pushable_by_piston":true},"minecraft:leashable":{"soft_distance":4.0,"hard_distance":6.0,"max_distance":10.0},"minecraft:attack":{"damage":2},"minecraft:combat_regeneration":{}},"cda002:glow_squid":{"minecraft:variant":{"value":70},"minecraft:mark_variant":{"value":-1},"minecraft:is_hidden_when_invisible":{},"minecraft:nameable":{},"minecraft:type_family":{"family":["squid","mob"]},"minecraft:collision_box":{"width":0.95,"height":0.95},"minecraft:health":{"value":10,"max":10},"minecraft:hurt_on_condition":{"damage_conditions":[{"filters":{"test":"in_lava","subject":"self","operator":"==","value":true},"cause":"lava","damage_per_tick":4}]},"minecraft:loot":{"table":"loot_tables/entities/glow_squid.json"},"minecraft:breathable":{"total_supply":15,"suffocate_time":0,"breathes_air":false,"breathes_water":true},"minecraft:movement":{"value":0.2},"minecraft:movement.basic":{},"minecraft:jump.static":{},"minecraft:can_climb":{},"minecraft:leashable":{"soft_distance":4.0,"hard_distance":6.0,"max_distance":10.0},"minecraft:balloonable":{},"minecraft:physics":{},"minecraft:pushable":{"is_pushable":true,"is_pushable_by_piston":true},"minecraft:underwater_movement":{"value":0.02}},"cda002:goat":{"minecraft:variant":{"value":71},"minecraft:mark_variant":{"value":-1},"minecraft:loot":{"table":"loot_tables/entities/goat.json"},"minecraft:is_hidden_when_invisible":{},"minecraft:type_family":{"family":["goat","animal"]},"minecraft:breathable":{"total_supply":15,"suffocate_time":0},"minecraft:movement.basic":{},"minecraft:jump.static":{},"minecraft:can_climb":{},"minecraft:collision_box":{"width":0.9,"height":1.3},"minecraft:nameable":{},"minecraft:health":{"value":10,"max":10},"minecraft:hurt_on_condition":{"damage_conditions":[{"filters":{"test":"in_lava","subject":"self","operator":"==","value":true},"cause":"lava","damage_per_tick":4}]},"minecraft:movement":{"value":0.4},"minecraft:damage_sensor":{"triggers":{"cause":"fall","deals_damage":true,"damage_modifier":-10}},"minecraft:leashable":{"soft_distance":4,"hard_distance":6,"max_distance":10},"minecraft:physics":{},"minecraft:pushable":{"is_pushable":true,"is_pushable_by_piston":true},"minecraft:underwater_movement":{"value":0.02}}},"components":{"minecraft:environment_sensor":{"triggers":{"event":"cda002:player"}},"minecraft:conditional_bandwidth_optimization":{}},"events":{"cda002:remove":{"remove":{"component_groups":["cda002:player","cda002:blaze","cda002:creeper","cda002:drowned","cda002:elder_guardian","cda002:endermite","cda002:evoker","cda002:ghast","cda002:guardian","cda002:hoglin","cda002:husk","cda002:magma_cube","cda002:phantom","cda002:piglin_brute","cda002:pillager","cda002:ravager","cda002:shulker","cda002:silverfish","cda002:skeleton","cda002:slime","cda002:stray","cda002:vex","cda002:vindicator","cda002:witch","cda002:wither_skeleton","cda002:zoglin","cda002:zombie","cda002:zombie_villager","cda002:bee","cda002:cave_spider","cda002:dolphin","cda002:enderman","cda002:iron_golem","cda002:llama","cda002:piglin","cda002:panda","cda002:polar_bear","cda002:spider","cda002:wolf","cda002:zombified_piglin","cda002:bat","cda002:cat","cda002:chicken","cda002:cod","cda002:cow","cda002:donkey","cda002:fox","cda002:horse","cda002:mooshroom","cda002:mule","cda002:ocelot","cda002:parrot","cda002:pig","cda002:pufferfish","cda002:rabbit","cda002:salmon","cda002:sheep","cda002:skeleton_horse","cda002:snow_golem","cda002:squid","cda002:strider","cda002:tropical_fish","cda002:turtle","cda002:villager","cda002:wandering_trader","cda002:ender_dragon","cda002:wither","cda002:agent","cda002:npc","cda002:axolotl","cda002:glow_squid","cda002:goat"]},"add":{"component_groups":["cda002:default"]}},"cda002:player":{"add":{"component_groups":["cda002:player"]}},"cda002:blaze":{"add":{"component_groups":["cda002:blaze"]}},"cda002:creeper":{"add":{"component_groups":["cda002:creeper"]}},"cda002:drowned":{"add":{"component_groups":["cda002:drowned"]}},"cda002:elder_guardian":{"add":{"component_groups":["cda002:elder_guardian"]}},"cda002:endermite":{"add":{"component_groups":["cda002:endermite"]}},"cda002:evoker":{"add":{"component_groups":["cda002:evoker"]}},"cda002:ghast":{"add":{"component_groups":["cda002:ghast"]}},"cda002:guardian":{"add":{"component_groups":["cda002:guardian"]}},"cda002:hoglin":{"add":{"component_groups":["cda002:hoglin"]}},"cda002:husk":{"add":{"component_groups":["cda002:husk"]}},"cda002:magma_cube":{"add":{"component_groups":["cda002:magma_cube"]}},"cda002:phantom":{"add":{"component_groups":["cda002:phantom"]}},"cda002:piglin_brute":{"add":{"component_groups":["cda002:piglin_brute"]}},"cda002:pillager":{"add":{"component_groups":["cda002:pillager"]}},"cda002:ravager":{"add":{"component_groups":["cda002:ravager"]}},"cda002:shulker":{"add":{"component_groups":["cda002:shulker"]}},"cda002:silverfish":{"add":{"component_groups":["cda002:silverfish"]}},"cda002:skeleton":{"add":{"component_groups":["cda002:skeleton"]}},"cda002:slime":{"add":{"component_groups":["cda002:slime"]}},"cda002:stray":{"add":{"component_groups":["cda002:stray"]}},"cda002:vex":{"add":{"component_groups":["cda002:vex"]}},"cda002:vindicator":{"add":{"component_groups":["cda002:vindicator"]}},"cda002:witch":{"add":{"component_groups":["cda002:witch"]}},"cda002:wither_skeleton":{"add":{"component_groups":["cda002:wither_skeleton"]}},"cda002:zoglin":{"add":{"component_groups":["cda002:zoglin"]}},"cda002:zombie":{"add":{"component_groups":["cda002:zombie"]}},"cda002:zombie_villager":{"add":{"component_groups":["cda002:zombie_villager"]}},"cda002:bee":{"add":{"component_groups":["cda002:bee"]}},"cda002:cave_spider":{"add":{"component_groups":["cda002:cave_spider"]}},"cda002:dolphin":{"add":{"component_groups":["cda002:dolphin"]}},"cda002:enderman":{"add":{"component_groups":["cda002:enderman"]}},"cda002:iron_golem":{"add":{"component_groups":["cda002:iron_golem"]}},"cda002:llama":{"add":{"component_groups":["cda002:llama"]}},"cda002:piglin":{"add":{"component_groups":["cda002:piglin"]}},"cda002:panda":{"add":{"component_groups":["cda002:panda"]}},"cda002:polar_bear":{"add":{"component_groups":["cda002:polar_bear"]}},"cda002:spider":{"add":{"component_groups":["cda002:spider"]}},"cda002:wolf":{"add":{"component_groups":["cda002:wolf"]}},"cda002:zombified_piglin":{"add":{"component_groups":["cda002:zombified_piglin"]}},"cda002:bat":{"add":{"component_groups":["cda002:bat"]}},"cda002:cat":{"add":{"component_groups":["cda002:cat"]}},"cda002:chicken":{"add":{"component_groups":["cda002:chicken"]}},"cda002:cod":{"add":{"component_groups":["cda002:cod"]}},"cda002:cow":{"add":{"component_groups":["cda002:cow"]}},"cda002:donkey":{"add":{"component_groups":["cda002:donkey"]}},"cda002:fox":{"add":{"component_groups":["cda002:fox"]}},"cda002:horse":{"add":{"component_groups":["cda002:horse"]}},"cda002:mooshroom":{"add":{"component_groups":["cda002:mooshroom"]}},"cda002:mule":{"add":{"component_groups":["cda002:mule"]}},"cda002:ocelot":{"add":{"component_groups":["cda002:ocelot"]}},"cda002:parrot":{"add":{"component_groups":["cda002:parrot"]}},"cda002:pig":{"add":{"component_groups":["cda002:pig"]}},"cda002:pufferfish":{"add":{"component_groups":["cda002:pufferfish"]}},"cda002:rabbit":{"add":{"component_groups":["cda002:rabbit"]}},"cda002:salmon":{"add":{"component_groups":["cda002:salmon"]}},"cda002:sheep":{"add":{"component_groups":["cda002:sheep"]}},"cda002:skeleton_horse":{"add":{"component_groups":["cda002:skeleton_horse"]}},"cda002:snow_golem":{"add":{"component_groups":["cda002:snow_golem"]}},"cda002:squid":{"add":{"component_groups":["cda002:squid"]}},"cda002:strider":{"add":{"component_groups":["cda002:strider"]}},"cda002:tropical_fish":{"add":{"component_groups":["cda002:tropical_fish"]}},"cda002:turtle":{"add":{"component_groups":["cda002:turtle"]}},"cda002:villager":{"add":{"component_groups":["cda002:villager"]}},"cda002:wandering_trader":{"add":{"component_groups":["cda002:wandering_trader"]}},"cda002:ender_dragon":{"add":{"component_groups":["cda002:ender_dragon"]}},"cda002:wither":{"add":{"component_groups":["cda002:wither"]}},"cda002:agent":{"add":{"component_groups":["cda002:agent"]}},"cda002:npc":{"add":{"component_groups":["cda002:npc"]}},"cda002:axolotl":{"add":{"component_groups":["cda002:axolotl"]}},"cda002:glow_squid":{"add":{"component_groups":["cda002:glow_squid"]}},"cda002:goat":{"add":{"component_groups":["cda002:goat"]}},"minecraft:gain_bad_omen":{"add":{"component_groups":["minecraft:add_bad_omen"]}},"minecraft:clear_add_bad_omen":{"remove":{"component_groups":["minecraft:add_bad_omen"]},"add":{"component_groups":["minecraft:clear_bad_omen_spell_effect"]}},"minecraft:trigger_raid":{"add":{"component_groups":["minecraft:raid_trigger"]}},"minecraft:remove_raid_trigger":{"remove":{"component_groups":["minecraft:raid_trigger"]}}}}}