{
  "format_version": "1.8.0",
  "render_controllers": {
    "controller.render.player.first_person": {
      "arrays": {
        "textures": {
          "Array.textures": [
            "Texture.default",
            "Texture.morph_to_enderman",
            "Texture.morph_to_creeper",
            "Texture.morph_to_drowned",
            "Texture.morph_to_villager",
            "Texture.morph_to_endermite",
            "Texture.morph_to_evoker",
            "Texture.morph_to_goat",
            "Texture.morph_to_witherboss",
            "Texture.morph_to_hoglin",
            "Texture.morph_to_irongolem",
            "Texture.morph_to_horse",
            "Texture.morph_to_phantom",
            "Texture.morph_to_piglin_brute",
            "Texture.morph_to_pillager",
            "Texture.morph_to_ravager",
            "Texture.morph_to_piglin",
            "Texture.morph_to_cow",
            "Texture.morph_to_skeleton",
            "Texture.morph_to_vex",
            "Texture.morph_to_vindicator",
            "Texture.morph_to_witch",
            "Texture.morph_to_wither_skeleton",
            "Texture.morph_to_zoglin",
            "Texture.morph_to_zombie",
            "Texture.morph_to_zombie_villager"
          ]
        },
        "materials": {
          "Array.materials": [
            "Material.default",
            "Material.morph_to_enderman",
            "Material.morph_to_creeper",
            "Material.morph_to_drowned",
            "Material.morph_to_villager",
            "Material.morph_to_endermite",
            "Material.morph_to_evoker",
            "Material.morph_to_goat",
            "Material.morph_to_witherboss",
            "Material.morph_to_hoglin",
            "Material.morph_to_husk",
            "Material.morph_to_irongolem",
            "Material.morph_to_phantom",
            "Material.morph_to_piglin_brute",
            "Material.morph_to_pillager",
            "Material.morph_to_ravager",
            "Material.morph_to_piglin",
            "Material.morph_to_cow",
            "Material.morph_to_skeleton",
            "Material.morph_to_vex",
            "Material.morph_to_vindicator",
            "Material.morph_to_witch",
            "Material.morph_to_wither_skeleton",
            "Material.morph_to_zoglin",
            "Material.morph_to_zombie",
            "Material.morph_to_zombie_villager"
          ]
        },
        "geometries": {
          "Array.geometries": [
            "Geometry.default",
            "Geometry.morph_to_enderman",
            "Geometry.morph_to_creeper",
            "Geometry.morph_to_drowned",
            "Geometry.morph_to_villager",
            "Geometry.morph_to_endermite",
            "Geometry.morph_to_evoker",
            "Geometry.morph_to_goat",
            "Geometry.morph_to_witherboss",
            "Geometry.morph_to_hoglin",
            "Geometry.morph_to_husk",
            "Geometry.morph_to_irongolem",
            "Geometry.morph_to_phantom",
            "Geometry.morph_to_piglin_brute",
            "Geometry.morph_to_pillager",
            "Geometry.morph_to_ravager",
            "Geometry.morph_to_piglin",
            "Geometry.morph_to_cow",
            "Geometry.morph_to_skeleton",
            "Geometry.morph_to_vex",
            "Geometry.morph_to_vindicator",
            "Geometry.morph_to_witch",
            "Geometry.morph_to_wither_skeleton",
            "Geometry.morph_to_zoglin",
            "Geometry.morph_to_zombie",
            "Geometry.morph_to_zombie_villager"
          ]
        }
      },
      "geometry": "Array.geometries[query.variant]",
      "materials": [ { "*": "Array.materials[query.variant]" } ],
      "textures": [ "Array.textures[query.variant]" ],
      "part_visibility": [
        { "*": false },
        { "rightArm": "query.get_equipped_item_name(0, 1) == '' || query.get_equipped_item_name(0, 1) == 'map'" },
        { "rightSleeve": "query.get_equipped_item_name(0, 1) == '' || query.get_equipped_item_name(0, 1) == 'map'" },
        { "leftArm": "(query.get_equipped_item_name(0, 1) == 'map' && query.get_equipped_item_name('off_hand') != 'shield') || (query.get_equipped_item_name('off_hand') == 'map' && !query.item_is_charged) || (!query.item_is_charged && (variable.item_use_normalized > 0 && variable.item_use_normalized < 1.0))" },
        { "leftSleeve": "(query.get_equipped_item_name(0, 1) == 'map' && query.get_equipped_item_name('off_hand') != 'shield') || (query.get_equipped_item_name('off_hand') == 'map' && !query.item_is_charged) || (!query.item_is_charged && (variable.item_use_normalized > 0 && variable.item_use_normalized < 1.0))" }
      ]
    },
    "controller.render.player.third_person": {
      "arrays": {
        "textures": {
          "Array.textures": [
           "Texture.default",
           "Texture.morph_to_enderman",
            "Texture.morph_to_creeper",
            "Texture.morph_to_drowned",
            "Texture.morph_to_villager",
            "Texture.morph_to_endermite",
            "Texture.morph_to_evoker",
            "Texture.morph_to_goat",
            "Texture.morph_to_witherboss",
            "Texture.morph_to_hoglin",
            "Texture.morph_to_husk",
            "Texture.morph_to_irongolem",
            "Texture.morph_to_phantom",
            "Texture.morph_to_piglin_brute",
            "Texture.morph_to_pillager",
            "Texture.morph_to_ravager",
            "Texture.morph_to_piglin",
            "Texture.morph_to_cow",
            "Texture.morph_to_skeleton",
            "Texture.morph_to_vex",
            "Texture.morph_to_vindicator",
            "Texture.morph_to_witch",
            "Texture.morph_to_wither_skeleton",
            "Texture.morph_to_zoglin",
            "Texture.morph_to_zombie",
            "Texture.morph_to_zombie_villager"
          ]
        },
        "materials": {
          "Array.materials": [
            "Material.default",
            "Material.morph_to_enderman",
            "Material.morph_to_creeper",
            "Material.morph_to_drowned",
            "Material.morph_to_villager",
            "Material.morph_to_endermite",
            "Material.morph_to_evoker",
            "Material.morph_to_goat",
            "Material.morph_to_witherboss",
            "Material.morph_to_hoglin",
            "Material.morph_to_husk",
            "Material.morph_to_irongolem",
            "Material.morph_to_phantom",
            "Material.morph_to_piglin_brute",
            "Material.morph_to_pillager",
            "Material.morph_to_ravager",
            "Material.morph_to_piglin",
            "Material.morph_to_cow",
            "Material.morph_to_skeleton",
            "Material.morph_to_vex",
            "Material.morph_to_vindicator",
            "Material.morph_to_witch",
            "Material.morph_to_wither_skeleton",
            "Material.morph_to_zoglin",
            "Material.morph_to_zombie",
            "Material.morph_to_zombie_villager"
          ]
        },
        "geometries": {
          "Array.geometries": [
            "Geometry.default",
             "Geometry.morph_to_enderman",
            "Geometry.morph_to_creeper",
            "Geometry.morph_to_drowned",
            "Geometry.morph_to_villager",
            "Geometry.morph_to_endermite",
            "Geometry.morph_to_evoker",
            "Geometry.morph_to_goat",
            "Geometry.morph_to_witherboss",
            "Geometry.morph_to_hoglin",
            "Geometry.morph_to_husk",
            "Geometry.morph_to_irongolem",
            "Geometry.morph_to_phantom",
            "Geometry.morph_to_piglin_brute",
            "Geometry.morph_to_pillager",
            "Geometry.morph_to_ravager",
            "Geometry.morph_to_piglin",
            "Geometry.morph_to_cow",
            "Geometry.morph_to_skeleton",
            "Geometry.morph_to_vex",
            "Geometry.morph_to_vindicator",
            "Geometry.morph_to_witch",
            "Geometry.morph_to_wither_skeleton",
            "Geometry.morph_to_zoglin",
            "Geometry.morph_to_zombie",
            "Geometry.morph_to_zombie_villager"
          ]
        }
      },
      "geometry": "Array.geometries[query.variant]",
      "materials": [ { "*": "Array.materials[query.variant]" } ],
      "textures": [ "Array.textures[query.variant]" ],
      "part_visibility": [
        { "*": true },
        { "helmet": "variable.helmet_layer_visible" },
        { "leftLegging": "variable.leg_layer_visible" },
        { "rightLegging": "variable.leg_layer_visible" },
        { "leftBoot": "variable.boot_layer_visible" },
        { "rightBoot": "variable.boot_layer_visible" },
        { "leftSock": "variable.boot_layer_visible && variable.leg_layer_visible" },
        { "rightSock": "variable.boot_layer_visible && variable.leg_layer_visible" },
        { "bodyArmor": "variable.chest_layer_visible && !query.has_cape" },
        { "leftArmArmor": "variable.chest_layer_visible && !query.has_cape" },
        { "rightArmArmor": "variable.chest_layer_visible && !query.has_cape" },
        { "belt": "variable.chest_layer_visible && variable.leg_layer_visible" }
      ]
    },
    "controller.render.player.map": {
      "arrays": {
        "textures": {
          "Array.textures": [
            "Texture.default",
           "Texture.morph_to_enderman",
            "Texture.morph_to_creeper",
            "Texture.morph_to_drowned",
            "Texture.morph_to_villager",
            "Texture.morph_to_endermite",
            "Texture.morph_to_evoker",
            "Texture.morph_to_goat",
            "Texture.morph_to_witherboss",
            "Texture.morph_to_hoglin",
            "Texture.morph_to_husk",
            "Texture.morph_to_irongolem",
            "Texture.morph_to_phantom",
            "Texture.morph_to_piglin_brute",
            "Texture.morph_to_pillager",
            "Texture.morph_to_ravager",
            "Texture.morph_to_piglin",
            "Texture.morph_to_cow",
            "Texture.morph_to_skeleton",
            "Texture.morph_to_vex",
            "Texture.morph_to_vindicator",
            "Texture.morph_to_witch",
            "Texture.morph_to_wither_skeleton",
            "Texture.morph_to_zoglin",
            "Texture.morph_to_zombie",
            "Texture.morph_to_zombie_villager"
          ]
        },
        "materials": {
          "Array.materials": [
            "Material.default",
            "Material.morph_to_enderman",
            "Material.morph_to_creeper",
            "Material.morph_to_drowned",
            "Material.morph_to_villager",
            "Material.morph_to_endermite",
            "Material.morph_to_evoker",
            "Material.morph_to_goat",
            "Material.morph_to_witherboss",
            "Material.morph_to_hoglin",
            "Material.morph_to_husk",
            "Material.morph_to_irongolem",
            "Material.morph_to_phantom",
            "Material.morph_to_piglin_brute",
            "Material.morph_to_pillager",
            "Material.morph_to_ravager",
            "Material.morph_to_piglin",
            "Material.morph_to_cow",
            "Material.morph_to_skeleton",
            "Material.morph_to_vex",
            "Material.morph_to_vindicator",
            "Material.morph_to_witch",
            "Material.morph_to_wither_skeleton",
            "Material.morph_to_zoglin",
            "Material.morph_to_zombie",
            "Material.morph_to_zombie_villager"
          ]
        },
        "geometries": {
          "Array.geometries": [
            "Geometry.default",
            "Geometry.morph_to_enderman",
            "Geometry.morph_to_creeper",
            "Geometry.morph_to_drowned",
            "Geometry.morph_to_villager",
            "Geometry.morph_to_endermite",
            "Geometry.morph_to_evoker",
            "Geometry.morph_to_goat",
            "Geometry.morph_to_witherboss",
            "Geometry.morph_to_hoglin",
            "Geometry.morph_to_husk",
            "Geometry.morph_to_irongolem",
            "Geometry.morph_to_phantom",
            "Geometry.morph_to_piglin_brute",
            "Geometry.morph_to_pillager",
            "Geometry.morph_to_ravager",
            "Geometry.morph_to_piglin",
            "Geometry.morph_to_cow",
            "Geometry.morph_to_skeleton",
            "Geometry.morph_to_vex",
            "Geometry.morph_to_vindicator",
            "Geometry.morph_to_witch",
            "Geometry.morph_to_wither_skeleton",
            "Geometry.morph_to_zoglin",
            "Geometry.morph_to_zombie",
            "Geometry.morph_to_zombie_villager"
          ]
        }
      },
      "geometry": "Array.geometries[query.variant]",
      "materials": [ { "*": "Array.materials[query.variant]" } ],
      "textures": [ "Array.textures[query.variant]" ],
      "part_visibility": [
        { "*": false },
        { "head": true },
        { "hat": true },
        { "helmet": true }
      ]
    }
  }
}
