{
 "minecraft:entity": {
    "format_version": "1.2.0",

  "component_groups": {
   "minecraft:exploding": {
    "minecraft:transformation": {
          "into": "minecraft:lightning_bolt",
          
          "begin_transform_sound": "remedy"
          
    }
   }
  },

  "components": {
   "minecraft:identifier": {
    "id": "minecraft:fishing_hook"
   },
   "minecraft:collision_box": {
    "width": 0.31,
    "height": 0.31
   },
   "minecraft:projectile": {
    
    "onHit": {
    	 "definition_event": {
      "affectProjectile": true,
      "eventTrigger": {
            "event": "minecraft:explode",
            "target": "self"
      }
     },
    	"impact_damage": {
            "damage": 4,
            "knockback": true,
            "shouldbounce": true
          },
          "mob_effect": {
            "effect": "slowness",
            "durationeasy": 40,
            "durationnormal":40,
            "durationhard": 40,
            "amplifier": 2
          },
         
          "particle_on_hit": {
            "particle_type": "lava",
            "on_other_hit": true
          }
    	
    
    },
    "power": 1.6,
    "gravity": 0.00,
    "inertia": 1.25,
    "uncertaintyBase": 0,
    "uncertaintyMultiplier": 0,
    "anchor": 1,
    "offset": [ 0, -0.1, 0 ],
    "reflectOnHurt": true,
    "catchFire": true
   },
   "minecraft:physics": {
   }
  },
  "events": {
   "minecraft:explode": {
    "add": {
     "component_groups": [
      "minecraft:exploding"
     ]
    }
   }
  }
 }
}