{
	"format_version": "1.10.0",
	"geometry.horse": {
		"texturewidth": 128,
		"textureheight": 128,
		"visible_bounds_width": 4,
		"visible_bounds_height": 3.5,
		"visible_bounds_offset": [0, 1.25, 0],
		"bones": [
			{
				"name": "body",
				"pivot": [0, 13, 9],
				"cubes": [
					{"origin": [-5, 11, -10], "size": [10, 10, 24], "uv": [0, 34]},
					{"origin": [-5, 21, -1], "size": [10, 1, 8], "uv": [80, 0]},
					{"origin": [-1.5, 22, -1], "size": [3, 1, 2], "uv": [106, 9]}
				]
			},
			{
				"name": "TailC",
				"parent": "body",
				"pivot": [0, 21, 14],
				"rotation": [-80.34, 0, 0],
				"cubes": [
					{"origin": [-1.5, 21.5, 23], "size": [3, 4, 7], "uv": [24, 3]}
				]
			},
			{
				"name": "TailB",
				"parent": "body",
				"pivot": [0, 21, 14],
				"rotation": [-65, 0, 0],
				"cubes": [
					{"origin": [-1.5, 19, 17], "size": [3, 4, 7], "uv": [38, 7]}
				]
			},
			{
				"name": "TailA",
				"parent": "body",
				"pivot": [0, 21, 14],
				"rotation": [-65, 0, 0],
				"cubes": [
					{"origin": [-1, 20, 14], "size": [2, 2, 3], "uv": [44, 0]}
				]
			},
			{
				"name": "Bag2",
				"parent": "body",
				"pivot": [4.5, 21, 10],
				"rotation": [0, 90, 0],
				"cubes": [
					{"origin": [1.5, 13, 10], "size": [8, 8, 3], "uv": [0, 47]}
				]
			},
			{
				"name": "Bag1",
				"parent": "body",
				"pivot": [-7.5, 21, 10],
				"rotation": [0, 90, 0],
				"cubes": [
					{"origin": [-10.5, 13, 10], "size": [8, 8, 3], "uv": [0, 34]}
				]
			},
			{
				"name": "SaddleC",
				"parent": "body",
				"pivot": [0, 22, 2],
				"cubes": [
					{"origin": [-4, 22, 5], "size": [8, 1, 2], "uv": [80, 9]}
				]
			},
			{
				"name": "SaddleL2",
				"parent": "body",
				"pivot": [5, 21, 2],
				"cubes": [
					{"origin": [4.5, 13, 1], "size": [1, 2, 2], "uv": [74, 0]}
				]
			},
			{
				"name": "SaddleL",
				"parent": "body",
				"pivot": [5, 21, 2],
				"cubes": [
					{"origin": [4.5, 15, 1.5], "size": [1, 6, 1], "uv": [70, 0]}
				]
			},
			{
				"name": "SaddleR",
				"parent": "body",
				"pivot": [-5, 21, 2],
				"cubes": [
					{"origin": [-5.5, 15, 1.5], "size": [1, 6, 1], "uv": [80, 0]}
				]
			},
			{
				"name": "SaddleR2",
				"parent": "body",
				"pivot": [-5, 21, 2],
				"cubes": [
					{"origin": [-5.5, 13, 1], "size": [1, 2, 2], "uv": [74, 4]}
				]
			},
			{
				"name": "head",
				"pivot": [0, 20, -10],
				"rotation": [30, 0, 0],
				"cubes": [
					{"origin": [-2.5, 25, -11.5], "size": [5, 5, 7], "uv": [0, 0]},
					{"origin": [-2, 27.05, -17], "size": [4, 3, 6], "uv": [24, 18]},
					{"origin": [-2, 25, -16.5], "size": [4, 2, 5], "uv": [24, 27]},
					{"origin": [-2.05, 15.8, -12], "size": [4, 14, 8], "uv": [0, 12]},
					{"origin": [-1, 15.5, -5], "size": [2, 16, 4], "uv": [58, 0]},
					{"origin": [0.45, 29, -6], "size": [2, 3, 1], "uv": [0, 0]},
					{"origin": [-2.45, 29, -6], "size": [2, 3, 1], "uv": [0, 0]},
					{"origin": [-2.5, 25.1, -17], "size": [5, 5, 12], "uv": [80, 12], "inflate": 0.05}
				]
			},
			{
				"name": "SaddleMouthLine",
				"parent": "head",
				"pivot": [2, 27, -12],
				"rotation": [-30, 0, 0],
				"cubes": [
					{"origin": [2.6, 25, -13], "size": [0, 3, 16], "uv": [44, 10]}
				]
			},
			{
				"name": "SaddleMouthLineR",
				"parent": "head",
				"pivot": [-2, 27, -12],
				"rotation": [-30, 0, 0],
				"cubes": [
					{"origin": [-2.6, 25, -13], "size": [0, 3, 16], "uv": [44, 5]}
				]
			},
			{
				"name": "SaddleMouthL",
				"parent": "head",
				"pivot": [2, 29, -12],
				"cubes": [
					{"origin": [1.5, 25.93782, -14.30385], "size": [1, 2, 2], "uv": [74, 13]}
				]
			},
			{
				"name": "SaddleMouthR",
				"parent": "head",
				"pivot": [0, 28, -9],
				"cubes": [
					{"origin": [-2.5, 26.43782, -13.90192], "size": [1, 2, 2], "uv": [74, 13]}
				]
			},
			{
				"name": "leftLeg",
				"pivot": [3, 15, 11],
				"cubes": [
					{"origin": [1.5, -0.1, 9], "size": [4, 3, 4], "uv": [78, 51]},
					{"origin": [1.5, 8, 8.5], "size": [4, 9, 5], "uv": [78, 29]},
					{"origin": [2, 3, 9.5], "size": [3, 5, 3], "uv": [78, 43]}
				]
			},
			{
				"name": "rightLeg",
				"pivot": [-3, 15, 11],
				"cubes": [
					{"origin": [-5.5, 8, 8.5], "size": [4, 9, 5], "uv": [96, 29]},
					{"origin": [-5, 3, 9.5], "size": [3, 5, 3], "uv": [96, 43]},
					{"origin": [-5.5, -0.1, 9], "size": [4, 3, 4], "uv": [96, 51]}
				]
			},
			{
				"name": "leftArm",
				"pivot": [4, 13, -8],
				"cubes": [
					{"origin": [2.1, 8, -10.1], "size": [3, 8, 4], "uv": [44, 29]},
					{"origin": [2.1, 3, -9.6], "size": [3, 5, 3], "uv": [44, 41]},
					{"origin": [1.6, -0.1, -10.1], "size": [4, 3, 4], "uv": [44, 51]}
				]
			},
			{
				"name": "rightArm",
				"pivot": [-4, 13, -8],
				"cubes": [
					{"origin": [-5.1, 8, -10.1], "size": [3, 8, 4], "uv": [60, 29]},
					{"origin": [-5.1, 3, -9.6], "size": [3, 5, 3], "uv": [60, 41]},
					{"origin": [-5.6, -0.1, -10.1], "size": [4, 3, 4], "uv": [60, 51]}
				]
			}
		]
	}
}