{
"geometry.witherBoss": {
		"texturewidth": 64,
		"textureheight": 64,
		"visible_bounds_width": 3,
		"visible_bounds_height": 3.5,
		"visible_bounds_offset": [0, 1.25, 0],
		"bones": [
			{
				"name": "body",
				"pivot": [0, 24, 0],
				"cubes": [
					{"origin": [-13, 23, -4], "size": [6, 5, 3], "uv": [22, 0]},
					{"origin": [-13, 23, -1], "size": [6, 5, 3], "uv": [22, 0]},
					{"origin": [7, 23, -4], "size": [6, 5, 3], "uv": [22, 0]},
					{"origin": [7, 23, -1], "size": [6, 5, 3], "uv": [22, 0]},
					{"origin": [-8, 22, -1], "size": [8, 3, 2], "uv": [48, 56]},
					{"origin": [0, 22, -1], "size": [8, 3, 2], "uv": [48, 56]},
					{"origin": [-1, 10, -1], "size": [2, 12, 2], "uv": [56, 16]},
					{"origin": [1, 18, -1], "size": [4, 2, 2], "uv": [48, 56]},
					{"origin": [-5, 18, -1], "size": [4, 2, 2], "uv": [48, 60]},
					{"origin": [1, 15, -1], "size": [4, 2, 2], "uv": [48, 56]},
					{"origin": [-5, 15, -1], "size": [4, 2, 2], "uv": [48, 60]},
					{"origin": [1, 12, -1], "size": [4, 2, 2], "uv": [48, 56]},
					{"origin": [-5, 12, -1], "size": [4, 2, 2], "uv": [48, 60]},
					{"origin": [1, 18, -1], "size": [4, 2, 2], "uv": [56, 0]},
					{"origin": [-1, 9, 0], "size": [2, 2, 2], "uv": [56, 16]}
				]
			},
			{
				"name": "jacket",
				"parent": "body",
				"pivot": [0, 24, 0]
			},
			{
				"name": "waist",
				"parent": "body",
				"pivot": [0, 12, 0]
			},
			{
				"name": "head",
				"pivot": [0, 24, 0],
				"cubes": [
					{"origin": [-4, 24, -4], "size": [8, 8, 8], "uv": [0, 0]}
				]
			},
			{
				"name": "hat",
				"parent": "head",
				"pivot": [0, 24, 0],
				"cubes": [
					{"origin": [-4, 24, -4], "size": [8, 8, 8], "uv": [32, 0], "inflate": 0.5}
				]
			},
			{
				"name": "leftArm",
				"pivot": [5, 22, 0],
				"cubes": [
					{"origin": [4, 12, -2], "size": [4, 12, 4], "uv": [40, 16], "mirror": true}
				]
			},
			{
				"name": "leftSleeve",
				"parent": "leftArm",
				"pivot": [5, 22, 0]
			},
			{
				"name": "leftItem",
				"parent": "leftArm",
				"pivot": [4, 18, -1]
			},
			{
				"name": "rightArm",
				"pivot": [-5, 22, 0],
				"cubes": [
					{"origin": [-8, 12, -2], "size": [4, 12, 4], "uv": [40, 16]}
				]
			},
			{
				"name": "rightSleeve",
				"parent": "rightArm",
				"pivot": [-5, 22, 0]
			},
			{
				"name": "rightItem",
				"parent": "rightArm",
				"pivot": [-6, 15, 1]
			},
			{
				"name": "leftLeg",
				"pivot": [1.9, 12, 0],
				"cubes": [
					{"origin": [-0.1, 0, -2], "size": [4, 12, 4], "uv": [0, 16], "mirror": true}
				]
			},
			{
				"name": "leftPants",
				"parent": "leftLeg",
				"pivot": [1.9, 12, 0]
			},
			{
				"name": "rightLeg",
				"pivot": [-1.9, 12, 0],
				"cubes": [
					{"origin": [-3.9, 0, -2], "size": [4, 12, 4], "uv": [0, 16]}
				]
			},
			{
				"name": "rightPants",
				"parent": "rightLeg",
				"pivot": [-1.9, 12, 0]
		}
	]
}
}