{"format_version":"1.12.0","minecraft:entity":{"description":{"identifier":"coptaine:beam","runtime_identifier":"minecraft:snowball","is_spawnable":false,"is_summonable":true,"is_experimental":false,"Created by":"Coptaine"},"components":{"minecraft:collision_box":{"width":0.25,"height":0.25},"minecraft:projectile":{"on_hit":{"impact_damage":{"filter":"blaze","damage":3,"knockback":true},"remove_on_hit":{},"particle_on_hit":{"particle_type":"snowballpoof","num_particles":6,"on_entity_hit":true,"on_other_hit":true}},"power":1.5,"gravity":0.03,"angle_offset":0},"minecraft:physics":{},"minecraft:pushable":{"is_pushable":true,"is_pushable_by_piston":true}},"events":{"minecraft:entity_spawned":{"sequence":[{"filters":{"all_of":[{"test":"is_family","subject":"other","value":"player","operator":"="}]},"add":{"component_groups":["resizer"]}}]},"despawn":{"add":{"component_groups":["despawn"]}}},"component_groups":{"resizer":{"minecraft:projectile":{"on_hit":{"impact_damage":{"damage":1,"knockback":false},"remove_on_hit":{},"particle_on_hit":{"particle_type":"totem","num_particles":20,"on_entity_hit":true,"on_other_hit":true}},"power":1,"gravity":0,"angle_offset":0,"hit_sound":"fizz","uncertainty_base":0,"uncertainty_multiplier":0},"minecraft:collision_box":{"width":0.1,"height":0.1},"minecraft:timer":{"looping":true,"time_down_event":{"event":"despawn","target":"self"},"time":2}},"despawn":{"minecraft:despawn":{}}}}}