{"format_version":"1.13.0","minecraft:entity":{"description":{"identifier":"minecraft:enderman","is_spawnable":true,"is_summonable":true,"is_experimental":false},"components":{"minecraft:experience_reward":{"on_death":"query.last_hit_by_player ? 5 : 0"},"minecraft:type_family":{"family":["enderman","monster","mob"]},"minecraft:breathable":{"total_supply":15,"suffocate_time":0},"minecraft:nameable":{},"minecraft:loot":{"table":"loot_tables/entities/enderman.json"},"minecraft:health":{"value":40,"max":40},"minecraft:hurt_on_condition":{"damage_conditions":[{"filters":{"test":"in_lava","subject":"self","operator":"==","value":true},"cause":"lava","damage_per_tick":4},{"filters":{"test":"in_water_or_rain","operator":"==","value":true},"cause":"drowning","damage_per_tick":1}]},"minecraft:attack":{"damage":7},"minecraft:follow_range":{"value":32,"max":32},"minecraft:collision_box":{"width":0.6,"height":2.9},"minecraft:teleport":{"random_teleports":true,"max_random_teleport_time":30,"random_teleport_cube":[32,32,32],"target_distance":16,"target_teleport_chance":0.05,"light_teleport_chance":0.05},"minecraft:lookat":{"search_radius":64,"set_target":true,"look_cooldown":5,"filters":{"all_of":[{"subject":"other","test":"is_family","value":"player"},{"test":"has_equipment","domain":"head","subject":"other","operator":"not","value":"carved_pumpkin"}]}},"minecraft:behavior.nearest_attackable_target":{"priority":5,"attack_interval":10,"entity_types":[{"filters":{"test":"is_family","subject":"other","value":"endermite"},"max_dist":64}],"must_see":true},"minecraft:navigation.walk":{"can_path_over_water":false,"avoid_water":true},"minecraft:movement.basic":{},"minecraft:jump.static":{},"minecraft:can_climb":{},"minecraft:behavior.float":{"priority":0},"minecraft:behavior.random_stroll":{"priority":7,"speed_multiplier":1},"minecraft:behavior.look_at_player":{"priority":8,"look_distance":8,"probability":8},"minecraft:behavior.random_look_around":{"priority":8},"minecraft:behavior.hurt_by_target":{"priority":3},"minecraft:behavior.enderman_leave_block":{"priority":10},"minecraft:behavior.enderman_take_block":{"priority":11},"minecraft:physics":{},"minecraft:pushable":{"is_pushable":true,"is_pushable_by_piston":true},"minecraft:damage_sensor":{"triggers":[{"on_damage":{"filters":{"all_of":[{"test":"has_tag","subject":"other","value":"0.1"},{"test":"has_damage","subject":"self","value":"projectile"},{"test":"has_equipment","subject":"other","value":"coptaine:shrinker","domain":"hand"}]},"event":"0.1"},"deals_damage":false},{"on_damage":{"filters":{"all_of":[{"test":"has_tag","subject":"other","value":"0.2"},{"test":"has_equipment","subject":"other","domain":"hand","value":"coptaine:shrinker"},{"test":"has_damage","subject":"self","value":"projectile"}]},"event":"0.2"},"deals_damage":false},{"on_damage":{"filters":{"all_of":[{"test":"has_tag","subject":"other","value":"0.3"},{"test":"has_equipment","subject":"other","domain":"hand","value":"coptaine:shrinker"},{"test":"has_damage","subject":"self","value":"projectile"}]},"event":"0.3"},"deals_damage":false},{"on_damage":{"filters":{"all_of":[{"test":"has_tag","subject":"other","value":"0.4"},{"test":"has_equipment","subject":"other","domain":"hand","value":"coptaine:shrinker"},{"test":"has_damage","subject":"self","value":"projectile"}]},"event":"0.4"},"deals_damage":false},{"on_damage":{"filters":{"all_of":[{"test":"has_tag","subject":"other","value":"0.5"},{"test":"has_equipment","subject":"other","domain":"hand","value":"coptaine:shrinker"},{"test":"has_damage","subject":"self","value":"projectile"}]},"event":"0.5"},"deals_damage":false},{"on_damage":{"filters":{"all_of":[{"test":"has_tag","subject":"other","value":"normal"},{"any_of":[{"test":"has_equipment","subject":"other","value":"coptaine:shrinker","domain":"hand"},{"test":"has_equipment","subject":"other","value":"coptaine:expander","domain":"hand"}]},{"test":"has_damage","subject":"self","value":"projectile"}]},"event":"normal"},"deals_damage":false},{"on_damage":{"filters":{"all_of":[{"test":"has_tag","subject":"other","value":"x2"},{"test":"has_equipment","subject":"other","value":"coptaine:expander","domain":"hand"},{"test":"has_damage","subject":"self","value":"projectile"}]},"event":"x2"},"deals_damage":false},{"on_damage":{"filters":{"all_of":[{"test":"has_tag","subject":"other","value":"x3"},{"test":"has_equipment","subject":"other","value":"coptaine:expander","domain":"hand"},{"test":"has_damage","subject":"self","value":"projectile"}]},"event":"x3"},"deals_damage":false},{"on_damage":{"filters":{"all_of":[{"test":"has_tag","subject":"other","value":"x4"},{"test":"has_equipment","subject":"other","domain":"hand","value":"coptaine:expander"},{"test":"has_damage","subject":"self","value":"projectile"}]},"event":"x4"},"deals_damage":false},{"on_damage":{"filters":{"all_of":[{"test":"has_tag","subject":"other","value":"x5"},{"test":"has_equipment","subject":"other","domain":"hand","value":"coptaine:expander"},{"test":"has_damage","subject":"self","value":"projectile"}]},"event":"x5"},"deals_damage":false}]}},"events":{"0.1":{"add":{"component_groups":["0.1"]}},"0.2":{"add":{"component_groups":["0.2"]}},"0.3":{"add":{"component_groups":["0.3"]}},"0.4":{"add":{"component_groups":["0.4"]}},"0.5":{"add":{"component_groups":["0.5"]}},"normal":{"add":{"component_groups":["normal"]}},"x2":{"add":{"component_groups":["x2"]}},"x3":{"add":{"component_groups":["x3"]}},"x4":{"add":{"component_groups":["x4"]}},"x5":{"add":{"component_groups":["x5"]}},"minecraft:entity_spawned":{"remove":{},"add":{"component_groups":["minecraft:enderman_calm"]}},"minecraft:become_angry":{"remove":{"component_groups":["minecraft:enderman_calm"]},"add":{"component_groups":["minecraft:enderman_angry"]}},"minecraft:on_calm":{"remove":{"component_groups":["minecraft:enderman_angry"]},"add":{"component_groups":["minecraft:enderman_calm"]}}},"component_groups":{"0.1":{"minecraft:scale":{"value":0.1}},"0.2":{"minecraft:scale":{"value":0.2}},"0.3":{"minecraft:scale":{"value":0.3}},"0.4":{"minecraft:scale":{"value":0.4}},"0.5":{"minecraft:scale":{"value":0.5}},"normal":{"minecraft:scale":{"value":1}},"x2":{"minecraft:scale":{"value":2}},"x3":{"minecraft:scale":{"value":3}},"x4":{"minecraft:scale":{"value":4}},"x5":{"minecraft:scale":{"value":5}},"minecraft:enderman_calm":{"minecraft:on_target_acquired":{"event":"minecraft:become_angry","target":"self"},"minecraft:movement":{"value":0.3}},"minecraft:enderman_angry":{"minecraft:angry":{"duration":25,"calm_event":{"event":"minecraft:on_calm","target":"self"}},"minecraft:movement":{"value":0.45},"minecraft:behavior.melee_attack":{"priority":2,"speed_multiplier":1,"track_target":false}}}}}