{"format_version":"1.13.0","minecraft:entity":{"description":{"identifier":"minecraft:ender_dragon","is_spawnable":false,"is_summonable":true,"is_experimental":false},"components":{"minecraft:type_family":{"family":["dragon","mob"]},"minecraft:health":{"value":200,"max":200},"minecraft:boss":{"should_darken_sky":false,"hud_range":125},"minecraft:collision_box":{"width":13,"height":4},"minecraft:movement":{"value":0.3},"minecraft:fire_immune":true,"minecraft:knockback_resistance":{"value":100,"max":100},"minecraft:flying_speed":{"value":0.6},"minecraft:attack":{"damage":3},"minecraft:on_start_landing":{"event":"minecraft:start_land","target":"self"},"minecraft:on_start_takeoff":{"event":"minecraft:start_fly","target":"self"},"minecraft:on_death":{"event":"minecraft:start_death","target":"self"},"minecraft:persistent":{},"minecraft:physics":{"has_gravity":false,"has_collision":false},"minecraft:damage_sensor":{"triggers":[{"on_damage":{"filters":{"all_of":[{"test":"has_tag","subject":"other","value":"0.1"},{"test":"has_damage","subject":"self","value":"projectile"},{"test":"has_equipment","subject":"other","value":"coptaine:shrinker","domain":"hand"}]},"event":"0.1"},"deals_damage":false},{"deals_damage":false,"cause":"fall"},{"on_damage":{"filters":{"all_of":[{"test":"has_tag","subject":"other","value":"0.2"},{"test":"has_equipment","subject":"other","domain":"hand","value":"coptaine:shrinker"},{"test":"has_damage","subject":"self","value":"projectile"}]},"event":"0.2"},"deals_damage":false},{"on_damage":{"filters":{"all_of":[{"test":"has_tag","subject":"other","value":"0.3"},{"test":"has_equipment","subject":"other","domain":"hand","value":"coptaine:shrinker"},{"test":"has_damage","subject":"self","value":"projectile"}]},"event":"0.3"},"deals_damage":false},{"on_damage":{"filters":{"all_of":[{"test":"has_tag","subject":"other","value":"0.4"},{"test":"has_equipment","subject":"other","domain":"hand","value":"coptaine:shrinker"},{"test":"has_damage","subject":"self","value":"projectile"}]},"event":"0.4"},"deals_damage":false},{"on_damage":{"filters":{"all_of":[{"test":"has_tag","subject":"other","value":"0.5"},{"test":"has_equipment","subject":"other","domain":"hand","value":"coptaine:shrinker"},{"test":"has_damage","subject":"self","value":"projectile"}]},"event":"0.5"},"deals_damage":false},{"on_damage":{"filters":{"all_of":[{"test":"has_tag","subject":"other","value":"normal"},{"any_of":[{"test":"has_equipment","subject":"other","value":"coptaine:shrinker","domain":"hand"},{"test":"has_equipment","subject":"other","value":"coptaine:expander","domain":"hand"}]},{"test":"has_damage","subject":"self","value":"projectile"}]},"event":"normal"},"deals_damage":false},{"on_damage":{"filters":{"all_of":[{"test":"has_tag","subject":"other","value":"x2"},{"test":"has_equipment","subject":"other","value":"coptaine:expander","domain":"hand"},{"test":"has_damage","subject":"self","value":"projectile"}]},"event":"x2"},"deals_damage":false},{"on_damage":{"filters":{"all_of":[{"test":"has_tag","subject":"other","value":"x3"},{"test":"has_equipment","subject":"other","value":"coptaine:expander","domain":"hand"},{"test":"has_damage","subject":"self","value":"projectile"}]},"event":"x3"},"deals_damage":false},{"on_damage":{"filters":{"all_of":[{"test":"has_tag","subject":"other","value":"x4"},{"test":"has_equipment","subject":"other","domain":"hand","value":"coptaine:expander"},{"test":"has_damage","subject":"self","value":"projectile"}]},"event":"x4"},"deals_damage":false},{"on_damage":{"filters":{"all_of":[{"test":"has_tag","subject":"other","value":"x5"},{"test":"has_equipment","subject":"other","domain":"hand","value":"coptaine:expander"},{"test":"has_damage","subject":"self","value":"projectile"}]},"event":"x5"},"deals_damage":false}]}},"events":{"0.1":{"add":{"component_groups":["0.1"]}},"0.2":{"add":{"component_groups":["0.2"]}},"0.3":{"add":{"component_groups":["0.3"]}},"0.4":{"add":{"component_groups":["0.4"]}},"0.5":{"add":{"component_groups":["0.5"]}},"normal":{"add":{"component_groups":["normal"]}},"x2":{"add":{"component_groups":["x2"]}},"x3":{"add":{"component_groups":["x3"]}},"x4":{"add":{"component_groups":["x4"]}},"x5":{"add":{"component_groups":["x5"]}},"minecraft:entity_spawned":{"remove":{},"add":{"component_groups":["dragon_flying"]}},"minecraft:start_land":{"remove":{"component_groups":["dragon_flying"]},"add":{"component_groups":["dragon_sitting"]}},"minecraft:start_fly":{"remove":{"component_groups":["dragon_sitting"]},"add":{"component_groups":["dragon_flying"]}},"minecraft:start_death":{"remove":{"component_groups":["dragon_sitting","dragon_flying"]},"add":{"component_groups":["dragon_death"]}}},"component_groups":{"0.1":{"minecraft:scale":{"value":0.1}},"0.2":{"minecraft:scale":{"value":0.2}},"0.3":{"minecraft:scale":{"value":0.3}},"0.4":{"minecraft:scale":{"value":0.4}},"0.5":{"minecraft:scale":{"value":0.5}},"normal":{"minecraft:scale":{"value":1}},"x2":{"minecraft:scale":{"value":2}},"x3":{"minecraft:scale":{"value":3}},"x4":{"minecraft:scale":{"value":4}},"x5":{"minecraft:scale":{"value":5}},"dragon_sitting":{"minecraft:behavior.dragonlanding":{"priority":0},"minecraft:behavior.dragonflaming":{"priority":1},"minecraft:behavior.dragonscanning":{"priority":2}},"dragon_flying":{"minecraft:behavior.dragontakeoff":{"priority":0},"minecraft:behavior.dragonchargeplayer":{"priority":1},"minecraft:behavior.dragonstrafeplayer":{"priority":2},"minecraft:behavior.dragonholdingpattern":{"priority":3},"minecraft:shooter":{"type":"dragonfireball","def":"minecraft:dragon_fireball"}},"dragon_death":{"minecraft:behavior.dragondeath":{"priority":0}}}}}