{"format_version":"1.13.0","minecraft:entity":{"description":{"identifier":"minecraft:ghast","is_spawnable":true,"is_summonable":true,"is_experimental":false},"components":{"minecraft:experience_reward":{"on_death":"query.last_hit_by_player ? 5 + (query.equipment_count * Math.Random(1,3)) : 0"},"minecraft:breathable":{"total_supply":15,"suffocate_time":0},"minecraft:fire_immune":true,"minecraft:nameable":{},"minecraft:health":{"value":10,"max":10},"minecraft:collision_box":{"width":4,"height":4},"minecraft:movement":{"value":0.03},"minecraft:navigation.float":{"can_path_over_water":true},"minecraft:behavior.float_wander":{"priority":2,"must_reach":true},"minecraft:can_fly":{},"minecraft:loot":{"table":"loot_tables/entities/ghast.json"},"minecraft:shooter":{"type":"largefireball","def":"minecraft:fireball"},"minecraft:type_family":{"family":["ghast","monster","mob"]},"minecraft:jump.static":{},"minecraft:behavior.float":{"priority":0},"minecraft:behavior.ranged_attack":{"priority":1,"attack_radius":64,"charge_shoot_trigger":2,"charge_charged_trigger":1},"minecraft:follow_range":{"value":64,"max":64},"minecraft:behavior.hurt_by_target":{"priority":1},"minecraft:behavior.nearest_attackable_target":{"priority":2,"entity_types":[{"filters":{"test":"is_family","subject":"other","value":"player"},"max_dist":28}],"must_see":true},"minecraft:physics":{},"minecraft:pushable":{"is_pushable":true,"is_pushable_by_piston":true},"minecraft:damage_sensor":{"triggers":[{"on_damage":{"filters":{"all_of":[{"test":"has_tag","subject":"other","value":"0.1"},{"test":"has_damage","subject":"self","value":"projectile"},{"test":"has_equipment","subject":"other","value":"coptaine:shrinker","domain":"hand"}]},"event":"0.1"},"deals_damage":false},{"deals_damage":false,"cause":"fall"},{"on_damage":{"filters":{"all_of":[{"test":"has_tag","subject":"other","value":"0.2"},{"test":"has_equipment","subject":"other","domain":"hand","value":"coptaine:shrinker"},{"test":"has_damage","subject":"self","value":"projectile"}]},"event":"0.2"},"deals_damage":false},{"on_damage":{"filters":{"all_of":[{"test":"has_tag","subject":"other","value":"0.3"},{"test":"has_equipment","subject":"other","domain":"hand","value":"coptaine:shrinker"},{"test":"has_damage","subject":"self","value":"projectile"}]},"event":"0.3"},"deals_damage":false},{"on_damage":{"filters":{"all_of":[{"test":"has_tag","subject":"other","value":"0.4"},{"test":"has_equipment","subject":"other","domain":"hand","value":"coptaine:shrinker"},{"test":"has_damage","subject":"self","value":"projectile"}]},"event":"0.4"},"deals_damage":false},{"on_damage":{"filters":{"all_of":[{"test":"has_tag","subject":"other","value":"0.5"},{"test":"has_equipment","subject":"other","domain":"hand","value":"coptaine:shrinker"},{"test":"has_damage","subject":"self","value":"projectile"}]},"event":"0.5"},"deals_damage":false},{"on_damage":{"filters":{"all_of":[{"test":"has_tag","subject":"other","value":"normal"},{"any_of":[{"test":"has_equipment","subject":"other","value":"coptaine:shrinker","domain":"hand"},{"test":"has_equipment","subject":"other","value":"coptaine:expander","domain":"hand"}]},{"test":"has_damage","subject":"self","value":"projectile"}]},"event":"normal"},"deals_damage":false},{"on_damage":{"filters":{"all_of":[{"test":"has_tag","subject":"other","value":"x2"},{"test":"has_equipment","subject":"other","value":"coptaine:expander","domain":"hand"},{"test":"has_damage","subject":"self","value":"projectile"}]},"event":"x2"},"deals_damage":false},{"on_damage":{"filters":{"all_of":[{"test":"has_tag","subject":"other","value":"x3"},{"test":"has_equipment","subject":"other","value":"coptaine:expander","domain":"hand"},{"test":"has_damage","subject":"self","value":"projectile"}]},"event":"x3"},"deals_damage":false},{"on_damage":{"filters":{"all_of":[{"test":"has_tag","subject":"other","value":"x4"},{"test":"has_equipment","subject":"other","domain":"hand","value":"coptaine:expander"},{"test":"has_damage","subject":"self","value":"projectile"}]},"event":"x4"},"deals_damage":false},{"on_damage":{"filters":{"all_of":[{"test":"has_tag","subject":"other","value":"x5"},{"test":"has_equipment","subject":"other","domain":"hand","value":"coptaine:expander"},{"test":"has_damage","subject":"self","value":"projectile"}]},"event":"x5"},"deals_damage":false}]}},"events":{"0.1":{"add":{"component_groups":["0.1"]}},"0.2":{"add":{"component_groups":["0.2"]}},"0.3":{"add":{"component_groups":["0.3"]}},"0.4":{"add":{"component_groups":["0.4"]}},"0.5":{"add":{"component_groups":["0.5"]}},"normal":{"add":{"component_groups":["normal"]}},"x2":{"add":{"component_groups":["x2"]}},"x3":{"add":{"component_groups":["x3"]}},"x4":{"add":{"component_groups":["x4"]}},"x5":{"add":{"component_groups":["x5"]}}},"component_groups":{"0.1":{"minecraft:scale":{"value":0.1}},"0.2":{"minecraft:scale":{"value":0.2}},"0.3":{"minecraft:scale":{"value":0.3}},"0.4":{"minecraft:scale":{"value":0.4}},"0.5":{"minecraft:scale":{"value":0.5}},"normal":{"minecraft:scale":{"value":1}},"x2":{"minecraft:scale":{"value":2}},"x3":{"minecraft:scale":{"value":3}},"x4":{"minecraft:scale":{"value":4}},"x5":{"minecraft:scale":{"value":5}}}}}