{"format_version":"1.13.0","minecraft:entity":{"description":{"identifier":"minecraft:magma_cube","is_spawnable":true,"is_summonable":true,"is_experimental":false},"components":{"minecraft:experience_reward":{"on_death":"query.last_hit_by_player ? query.variant : 0"},"minecraft:type_family":{"family":["magmacube","monster","mob"]},"minecraft:breathable":{"total_supply":15,"suffocate_time":0,"breathes_lava":true},"minecraft:nameable":{},"minecraft:fire_immune":true,"minecraft:burns_in_daylight":false,"minecraft:navigation.walk":{"can_path_over_water":true,"avoid_water":true},"minecraft:jump.static":{},"minecraft:movement.jump":{"jump_delay":[2,6]},"minecraft:can_climb":{},"minecraft:on_target_acquired":{"event":"minecraft:become_aggressive","target":"self"},"minecraft:on_target_escape":{"event":"minecraft:become_calm","target":"self"},"minecraft:behavior.slime_float":{"priority":1},"minecraft:behavior.slime_attack":{"priority":3},"minecraft:behavior.slime_random_direction":{"priority":4},"minecraft:behavior.slime_keep_on_jumping":{"priority":5},"minecraft:behavior.nearest_attackable_target":{"priority":2,"entity_types":[{"filters":{"test":"is_family","subject":"other","value":"player"},"max_dist":16}],"must_see":true},"minecraft:physics":{},"minecraft:pushable":{"is_pushable":true,"is_pushable_by_piston":true},"minecraft:damage_sensor":{"triggers":[{"on_damage":{"filters":{"all_of":[{"test":"has_tag","subject":"other","value":"0.1"},{"test":"has_damage","subject":"self","value":"projectile"},{"test":"has_equipment","subject":"other","value":"coptaine:shrinker","domain":"hand"}]},"event":"0.1"},"deals_damage":false},{"deals_damage":false,"cause":"fall"},{"on_damage":{"filters":{"all_of":[{"test":"has_tag","subject":"other","value":"0.2"},{"test":"has_equipment","subject":"other","domain":"hand","value":"coptaine:shrinker"},{"test":"has_damage","subject":"self","value":"projectile"}]},"event":"0.2"},"deals_damage":false},{"on_damage":{"filters":{"all_of":[{"test":"has_tag","subject":"other","value":"0.3"},{"test":"has_equipment","subject":"other","domain":"hand","value":"coptaine:shrinker"},{"test":"has_damage","subject":"self","value":"projectile"}]},"event":"0.3"},"deals_damage":false},{"on_damage":{"filters":{"all_of":[{"test":"has_tag","subject":"other","value":"0.4"},{"test":"has_equipment","subject":"other","domain":"hand","value":"coptaine:shrinker"},{"test":"has_damage","subject":"self","value":"projectile"}]},"event":"0.4"},"deals_damage":false},{"on_damage":{"filters":{"all_of":[{"test":"has_tag","subject":"other","value":"0.5"},{"test":"has_equipment","subject":"other","domain":"hand","value":"coptaine:shrinker"},{"test":"has_damage","subject":"self","value":"projectile"}]},"event":"0.5"},"deals_damage":false},{"on_damage":{"filters":{"all_of":[{"test":"has_tag","subject":"other","value":"normal"},{"any_of":[{"test":"has_equipment","subject":"other","value":"coptaine:shrinker","domain":"hand"},{"test":"has_equipment","subject":"other","value":"coptaine:expander","domain":"hand"}]},{"test":"has_damage","subject":"self","value":"projectile"}]},"event":"normal"},"deals_damage":false},{"on_damage":{"filters":{"all_of":[{"test":"has_tag","subject":"other","value":"x2"},{"test":"has_equipment","subject":"other","value":"coptaine:expander","domain":"hand"},{"test":"has_damage","subject":"self","value":"projectile"}]},"event":"x2"},"deals_damage":false},{"on_damage":{"filters":{"all_of":[{"test":"has_tag","subject":"other","value":"x3"},{"test":"has_equipment","subject":"other","value":"coptaine:expander","domain":"hand"},{"test":"has_damage","subject":"self","value":"projectile"}]},"event":"x3"},"deals_damage":false},{"on_damage":{"filters":{"all_of":[{"test":"has_tag","subject":"other","value":"x4"},{"test":"has_equipment","subject":"other","domain":"hand","value":"coptaine:expander"},{"test":"has_damage","subject":"self","value":"projectile"}]},"event":"x4"},"deals_damage":false},{"on_damage":{"filters":{"all_of":[{"test":"has_tag","subject":"other","value":"x5"},{"test":"has_equipment","subject":"other","domain":"hand","value":"coptaine:expander"},{"test":"has_damage","subject":"self","value":"projectile"}]},"event":"x5"},"deals_damage":false}]}},"events":{"0.1":{"add":{"component_groups":["0.1"]}},"0.2":{"add":{"component_groups":["0.2"]}},"0.3":{"add":{"component_groups":["0.3"]}},"0.4":{"add":{"component_groups":["0.4"]}},"0.5":{"add":{"component_groups":["0.5"]}},"normal":{"add":{"component_groups":["normal"]}},"x2":{"add":{"component_groups":["x2"]}},"x3":{"add":{"component_groups":["x3"]}},"x4":{"add":{"component_groups":["x4"]}},"x5":{"add":{"component_groups":["x5"]}},"minecraft:entity_spawned":{"add":{"component_groups":["minecraft:slime_calm"]}},"minecraft:become_calm":{"add":{"component_groups":["minecraft:slime_calm"]}},"minecraft:become_aggressive":{"add":{"component_groups":["minecraft:slime_aggressive"]}}},"component_groups":{"0.1":{"minecraft:scale":{"value":0.1}},"0.2":{"minecraft:scale":{"value":0.2}},"0.3":{"minecraft:scale":{"value":0.3}},"0.4":{"minecraft:scale":{"value":0.4}},"0.5":{"minecraft:scale":{"value":0.5}},"normal":{"minecraft:scale":{"value":1}},"x2":{"minecraft:scale":{"value":2}},"x3":{"minecraft:scale":{"value":3}},"x4":{"minecraft:scale":{"value":4}},"x5":{"minecraft:scale":{"value":5}},"minecraft:slime_large":{"minecraft:collision_box":{"width":2.08,"height":2.08},"minecraft:health":{"value":16,"max":16},"minecraft:movement":{"value":0.75},"minecraft:attack":{"damage":6},"minecraft:loot":{"table":"loot_tables/entities/magma_cube.json"}},"minecraft:slime_medium":{"minecraft:collision_box":{"width":0.78,"height":0.78},"minecraft:health":{"value":4,"max":4},"minecraft:movement":{"value":0.66},"minecraft:attack":{"damage":4},"minecraft:loot":{"table":"loot_tables/entities/magma_cube.json"}},"minecraft:slime_small":{"minecraft:collision_box":{"width":0.52,"height":0.52},"minecraft:health":{"value":1,"max":1},"minecraft:movement":{"value":0.6},"minecraft:attack":{"damage":2}},"minecraft:slime_calm":{"minecraft:movement.jump":{"jump_delay":[2,6]}},"minecraft:slime_aggressive":{"minecraft:movement.jump":{"jump_delay":[0.667,2]}}}}}