{"format_version":"1.13.0","minecraft:entity":{"description":{"identifier":"minecraft:salmon","is_spawnable":true,"is_summonable":true,"is_experimental":false},"components":{"minecraft:experience_reward":{"on_death":"query.last_hit_by_player ? Math.Random(1,3) : 0"},"minecraft:type_family":{"family":["salmon","fish"]},"minecraft:collision_box":{"width":0.5,"height":0.5},"minecraft:breathable":{"total_supply":15,"suffocate_time":0,"breathes_air":false,"breathes_water":true},"minecraft:hurt_on_condition":{"damage_conditions":[{"filters":{"test":"in_lava","subject":"self","operator":"==","value":true},"cause":"lava","damage_per_tick":4}]},"minecraft:movement":{"value":0.12},"minecraft:underwater_movement":{"value":0.12},"minecraft:navigation.generic":{"is_amphibious":false,"can_path_over_water":false,"can_swim":true,"can_walk":false,"can_breach":false,"can_sink":false},"minecraft:movement.sway":{"sway_amplitude":0},"minecraft:physics":{"has_gravity":false},"minecraft:pushable":{"is_pushable":true,"is_pushable_by_piston":true},"minecraft:behavior.avoid_mob_type":{"priority":1,"entity_types":[{"filters":{"test":"is_family","subject":"other","value":"player"},"max_dist":3,"max_flee":10,"walk_speed_multiplier":1.5,"sprint_speed_multiplier":2}]},"minecraft:behavior.swim_idle":{"priority":5},"minecraft:behavior.random_swim":{"speed_multiplier":1,"priority":3,"xz_dist":16,"y_dist":4,"interval":0},"minecraft:behavior.swim_wander":{"priority":4,"speed_multiplier":0.014,"interval":60},"minecraft:flocking":{"in_water":true,"match_variants":false,"use_center_of_mass":false,"low_flock_limit":4,"high_flock_limit":8,"goal_weight":2,"loner_chance":0.1,"influence_radius":3,"breach_influence":7,"separation_weight":0.65,"separation_threshold":0.15,"cohesion_weight":2.25,"cohesion_threshold":1.5,"innner_cohesion_threshold":1.5,"min_height":4,"max_height":4,"block_distance":1,"block_weight":0.75},"minecraft:nameable":{},"minecraft:damage_sensor":{"triggers":[{"on_damage":{"filters":{"all_of":[{"test":"has_tag","subject":"other","value":"0.1"},{"test":"has_damage","subject":"self","value":"projectile"},{"test":"has_equipment","subject":"other","value":"coptaine:shrinker","domain":"hand"}]},"event":"0.1"},"deals_damage":false},{"on_damage":{"filters":{"all_of":[{"test":"has_tag","subject":"other","value":"0.2"},{"test":"has_equipment","subject":"other","domain":"hand","value":"coptaine:shrinker"},{"test":"has_damage","subject":"self","value":"projectile"}]},"event":"0.2"},"deals_damage":false},{"on_damage":{"filters":{"all_of":[{"test":"has_tag","subject":"other","value":"0.3"},{"test":"has_equipment","subject":"other","domain":"hand","value":"coptaine:shrinker"},{"test":"has_damage","subject":"self","value":"projectile"}]},"event":"0.3"},"deals_damage":false},{"on_damage":{"filters":{"all_of":[{"test":"has_tag","subject":"other","value":"0.4"},{"test":"has_equipment","subject":"other","domain":"hand","value":"coptaine:shrinker"},{"test":"has_damage","subject":"self","value":"projectile"}]},"event":"0.4"},"deals_damage":false},{"on_damage":{"filters":{"all_of":[{"test":"has_tag","subject":"other","value":"0.5"},{"test":"has_equipment","subject":"other","domain":"hand","value":"coptaine:shrinker"},{"test":"has_damage","subject":"self","value":"projectile"}]},"event":"0.5"},"deals_damage":false},{"on_damage":{"filters":{"all_of":[{"test":"has_tag","subject":"other","value":"normal"},{"any_of":[{"test":"has_equipment","subject":"other","value":"coptaine:shrinker","domain":"hand"},{"test":"has_equipment","subject":"other","value":"coptaine:expander","domain":"hand"}]},{"test":"has_damage","subject":"self","value":"projectile"}]},"event":"normal"},"deals_damage":false},{"on_damage":{"filters":{"all_of":[{"test":"has_tag","subject":"other","value":"x2"},{"test":"has_equipment","subject":"other","value":"coptaine:expander","domain":"hand"},{"test":"has_damage","subject":"self","value":"projectile"}]},"event":"x2"},"deals_damage":false},{"on_damage":{"filters":{"all_of":[{"test":"has_tag","subject":"other","value":"x3"},{"test":"has_equipment","subject":"other","value":"coptaine:expander","domain":"hand"},{"test":"has_damage","subject":"self","value":"projectile"}]},"event":"x3"},"deals_damage":false},{"on_damage":{"filters":{"all_of":[{"test":"has_tag","subject":"other","value":"x4"},{"test":"has_equipment","subject":"other","domain":"hand","value":"coptaine:expander"},{"test":"has_damage","subject":"self","value":"projectile"}]},"event":"x4"},"deals_damage":false},{"on_damage":{"filters":{"all_of":[{"test":"has_tag","subject":"other","value":"x5"},{"test":"has_equipment","subject":"other","domain":"hand","value":"coptaine:expander"},{"test":"has_damage","subject":"self","value":"projectile"}]},"event":"x5"},"deals_damage":false}]}},"events":{"0.1":{"add":{"component_groups":["0.1"]}},"0.2":{"add":{"component_groups":["0.2"]}},"0.3":{"add":{"component_groups":["0.3"]}},"0.4":{"add":{"component_groups":["0.4"]}},"0.5":{"add":{"component_groups":["0.5"]}},"normal":{"add":{"component_groups":["normal"]}},"x2":{"add":{"component_groups":["x2"]}},"x3":{"add":{"component_groups":["x3"]}},"x4":{"add":{"component_groups":["x4"]}},"x5":{"add":{"component_groups":["x5"]}},"minecraft:entity_spawned":{"randomize":[{"weight":30,"add":{"component_groups":["adult","scale_small"]}},{"weight":50,"add":{"component_groups":["adult","scale_normal"]}},{"weight":15,"add":{"component_groups":["adult","scale_large"]}}]}},"component_groups":{"0.1":{"minecraft:scale":{"value":0.1}},"0.2":{"minecraft:scale":{"value":0.2}},"0.3":{"minecraft:scale":{"value":0.3}},"0.4":{"minecraft:scale":{"value":0.4}},"0.5":{"minecraft:scale":{"value":0.5}},"normal":{"minecraft:scale":{"value":1}},"x2":{"minecraft:scale":{"value":2}},"x3":{"minecraft:scale":{"value":3}},"x4":{"minecraft:scale":{"value":4}},"x5":{"minecraft:scale":{"value":5}},"scale_small":{"minecraft:scale":{"value":0.5},"minecraft:health":{"value":6,"max":6},"minecraft:loot":{"table":"loot_tables/entities/salmon_normal.json"}},"scale_normal":{"minecraft:scale":{"value":1},"minecraft:health":{"value":6,"max":6},"minecraft:loot":{"table":"loot_tables/entities/salmon_normal.json"}},"scale_large":{"minecraft:scale":{"value":1.5},"minecraft:health":{"value":6,"max":6},"minecraft:loot":{"table":"loot_tables/entities/salmon_large.json"}}}}}