{"format_version":"1.13.0","minecraft:entity":{"description":{"identifier":"minecraft:shulker","is_spawnable":true,"is_summonable":true,"is_experimental":false},"component_groups":{"minecraft:shulker_purple":{"minecraft:variant":{"value":5}},"minecraft:shulker_black":{"minecraft:variant":{"value":0}},"minecraft:shulker_blue":{"minecraft:variant":{"value":4}},"minecraft:shulker_brown":{"minecraft:variant":{"value":3}},"minecraft:shulker_cyan":{"minecraft:variant":{"value":6}},"minecraft:shulker_gray":{"minecraft:variant":{"value":8}},"minecraft:shulker_green":{"minecraft:variant":{"value":2}},"minecraft:shulker_light_blue":{"minecraft:variant":{"value":12}},"minecraft:shulker_lime":{"minecraft:variant":{"value":10}},"minecraft:shulker_magenta":{"minecraft:variant":{"value":13}},"minecraft:shulker_orange":{"minecraft:variant":{"value":14}},"minecraft:shulker_pink":{"minecraft:variant":{"value":9}},"minecraft:shulker_red":{"minecraft:variant":{"value":1}},"minecraft:shulker_silver":{"minecraft:variant":{"value":7}},"minecraft:shulker_undyed":{"minecraft:variant":{"value":16}},"minecraft:shulker_white":{"minecraft:variant":{"value":15}},"minecraft:shulker_yellow":{"minecraft:variant":{"value":11}},"0.1":{"minecraft:scale":{"value":0.1}},"0.2":{"minecraft:scale":{"value":0.2}},"0.3":{"minecraft:scale":{"value":0.3}},"0.4":{"minecraft:scale":{"value":0.4}},"0.5":{"minecraft:scale":{"value":0.5}},"normal":{"minecraft:scale":{"value":1}},"x2":{"minecraft:scale":{"value":2}},"x3":{"minecraft:scale":{"value":3}},"x4":{"minecraft:scale":{"value":4}},"x5":{"minecraft:scale":{"value":5}}},"components":{"minecraft:experience_reward":{"on_death":"query.last_hit_by_player ? 5 : 0"},"minecraft:type_family":{"family":["shulker","monster","mob"]},"minecraft:breathable":{"total_supply":15,"suffocate_time":0},"minecraft:nameable":{},"minecraft:health":{"value":30,"max":30},"minecraft:hurt_on_condition":{"damage_conditions":[{"filters":{"test":"in_lava","subject":"self","operator":"==","value":true},"cause":"lava","damage_per_tick":4}]},"minecraft:movement":{"value":0,"max":0},"minecraft:loot":{"table":"loot_tables/entities/shulker.json"},"minecraft:peek":{"on_open":{"event":"minecraft:on_open"},"on_close":{"event":"minecraft:on_close"},"on_target_open":{"event":"minecraft:on_open"}},"minecraft:behavior.look_at_player":{"priority":1,"look_distance":6,"probability":0.02},"minecraft:shooter":{"type":"ShulkerBullet","def":"minecraft:shulker_bullet"},"minecraft:behavior.random_look_around":{"priority":8},"minecraft:behavior.ranged_attack":{"attack_interval_min":1,"attack_interval_max":3,"attack_radius":15},"minecraft:behavior.hurt_by_target":{"priority":2},"minecraft:behavior.nearest_attackable_target":{"priority":3,"entity_types":{"filters":{"test":"is_family","subject":"other","value":"player"},"max_dist":16},"must_see":true},"minecraft:navigation.walk":{},"minecraft:movement.basic":{},"minecraft:interact":{"interactions":[{"on_interact":{"filters":{"all_of":[{"any_of":[{"test":"has_equipment","subject":"other","domain":"hand","value":"dye:0"},{"test":"has_equipment","subject":"other","domain":"hand","value":"dye:16"}]},{"test":"is_family","subject":"other","value":"player"},{"test":"has_ability","subject":"other","value":"instabuild"}]},"event":"minecraft:turn_black"},"use_item":true},{"on_interact":{"filters":{"all_of":[{"test":"has_equipment","subject":"other","domain":"hand","value":"dye:8"},{"test":"is_family","subject":"other","value":"player"},{"test":"has_ability","subject":"other","value":"instabuild"}]},"event":"minecraft:turn_gray"},"use_item":true},{"on_interact":{"filters":{"all_of":[{"test":"has_equipment","subject":"other","domain":"hand","value":"dye:7"},{"test":"is_family","subject":"other","value":"player"},{"test":"has_ability","subject":"other","value":"instabuild"}]},"event":"minecraft:turn_silver"},"use_item":true},{"on_interact":{"filters":{"all_of":[{"any_of":[{"test":"has_equipment","subject":"other","domain":"hand","value":"dye:15"},{"test":"has_equipment","subject":"other","domain":"hand","value":"dye:19"}]},{"test":"is_family","subject":"other","value":"player"},{"test":"has_ability","subject":"other","value":"instabuild"}]},"event":"minecraft:turn_white"},"use_item":true},{"on_interact":{"filters":{"all_of":[{"test":"has_equipment","subject":"other","domain":"hand","value":"dye:12"},{"test":"is_family","subject":"other","value":"player"},{"test":"has_ability","subject":"other","value":"instabuild"}]},"event":"minecraft:turn_light_blue"},"use_item":true},{"on_interact":{"filters":{"all_of":[{"test":"has_equipment","subject":"other","domain":"hand","value":"dye:14"},{"test":"is_family","subject":"other","value":"player"},{"test":"has_ability","subject":"other","value":"instabuild"}]},"event":"minecraft:turn_orange"},"use_item":true},{"on_interact":{"filters":{"all_of":[{"test":"has_equipment","subject":"other","domain":"hand","value":"dye:1"},{"test":"is_family","subject":"other","value":"player"},{"test":"has_ability","subject":"other","value":"instabuild"}]},"event":"minecraft:turn_red"},"use_item":true},{"on_interact":{"filters":{"all_of":[{"any_of":[{"test":"has_equipment","subject":"other","domain":"hand","value":"dye:4"},{"test":"has_equipment","subject":"other","domain":"hand","value":"dye:18"}]},{"test":"is_family","subject":"other","value":"player"},{"test":"has_ability","subject":"other","value":"instabuild"}]},"event":"minecraft:turn_blue"},"use_item":true},{"on_interact":{"filters":{"all_of":[{"test":"has_equipment","subject":"other","domain":"hand","value":"dye:5"},{"test":"is_family","subject":"other","value":"player"},{"test":"has_ability","subject":"other","value":"instabuild"}]},"event":"minecraft:turn_purple"},"use_item":true},{"on_interact":{"filters":{"all_of":[{"test":"has_equipment","subject":"other","domain":"hand","value":"dye:13"},{"test":"is_family","subject":"other","value":"player"},{"test":"has_ability","subject":"other","value":"instabuild"}]},"event":"minecraft:turn_magenta"},"use_item":true},{"on_interact":{"filters":{"all_of":[{"test":"has_equipment","subject":"other","domain":"hand","value":"dye:9"},{"test":"is_family","subject":"other","value":"player"},{"test":"has_ability","subject":"other","value":"instabuild"}]},"event":"minecraft:turn_pink"},"use_item":true},{"on_interact":{"filters":{"all_of":[{"any_of":[{"test":"has_equipment","subject":"other","domain":"hand","value":"dye:3"},{"test":"has_equipment","subject":"other","domain":"hand","value":"dye:17"}]},{"test":"is_family","subject":"other","value":"player"},{"test":"has_ability","subject":"other","value":"instabuild"}]},"event":"minecraft:turn_brown"},"use_item":true},{"on_interact":{"filters":{"all_of":[{"test":"has_equipment","subject":"other","domain":"hand","value":"dye:11"},{"test":"is_family","subject":"other","value":"player"},{"test":"has_ability","subject":"other","value":"instabuild"}]},"event":"minecraft:turn_yellow"},"use_item":true},{"on_interact":{"filters":{"all_of":[{"test":"has_equipment","subject":"other","domain":"hand","value":"dye:10"},{"test":"is_family","subject":"other","value":"player"},{"test":"has_ability","subject":"other","value":"instabuild"}]},"event":"minecraft:turn_lime"},"use_item":true},{"on_interact":{"filters":{"all_of":[{"test":"has_equipment","subject":"other","domain":"hand","value":"dye:2"},{"test":"is_family","subject":"other","value":"player"},{"test":"has_ability","subject":"other","value":"instabuild"}]},"event":"minecraft:turn_green"},"use_item":true},{"on_interact":{"filters":{"all_of":[{"test":"has_equipment","subject":"other","domain":"hand","value":"dye:6"},{"test":"is_family","subject":"other","value":"player"},{"test":"has_ability","subject":"other","value":"instabuild"}]},"event":"minecraft:turn_cyan"},"use_item":true}]},"minecraft:physics":{},"minecraft:damage_sensor":{"triggers":[{"on_damage":{"filters":{"all_of":[{"test":"has_tag","subject":"other","value":"0.1"},{"test":"has_damage","subject":"self","value":"projectile"},{"test":"has_equipment","subject":"other","value":"coptaine:shrinker","domain":"hand"}]},"event":"0.1"},"deals_damage":false},{"on_damage":{"filters":{"all_of":[{"test":"has_tag","subject":"other","value":"0.2"},{"test":"has_equipment","subject":"other","domain":"hand","value":"coptaine:shrinker"},{"test":"has_damage","subject":"self","value":"projectile"}]},"event":"0.2"},"deals_damage":false},{"on_damage":{"filters":{"all_of":[{"test":"has_tag","subject":"other","value":"0.3"},{"test":"has_equipment","subject":"other","domain":"hand","value":"coptaine:shrinker"},{"test":"has_damage","subject":"self","value":"projectile"}]},"event":"0.3"},"deals_damage":false},{"on_damage":{"filters":{"all_of":[{"test":"has_tag","subject":"other","value":"0.4"},{"test":"has_equipment","subject":"other","domain":"hand","value":"coptaine:shrinker"},{"test":"has_damage","subject":"self","value":"projectile"}]},"event":"0.4"},"deals_damage":false},{"on_damage":{"filters":{"all_of":[{"test":"has_tag","subject":"other","value":"0.5"},{"test":"has_equipment","subject":"other","domain":"hand","value":"coptaine:shrinker"},{"test":"has_damage","subject":"self","value":"projectile"}]},"event":"0.5"},"deals_damage":false},{"on_damage":{"filters":{"all_of":[{"test":"has_tag","subject":"other","value":"normal"},{"any_of":[{"test":"has_equipment","subject":"other","value":"coptaine:shrinker","domain":"hand"},{"test":"has_equipment","subject":"other","value":"coptaine:expander","domain":"hand"}]},{"test":"has_damage","subject":"self","value":"projectile"}]},"event":"normal"},"deals_damage":false},{"on_damage":{"filters":{"all_of":[{"test":"has_tag","subject":"other","value":"x2"},{"test":"has_equipment","subject":"other","value":"coptaine:expander","domain":"hand"},{"test":"has_damage","subject":"self","value":"projectile"}]},"event":"x2"},"deals_damage":false},{"on_damage":{"filters":{"all_of":[{"test":"has_tag","subject":"other","value":"x3"},{"test":"has_equipment","subject":"other","value":"coptaine:expander","domain":"hand"},{"test":"has_damage","subject":"self","value":"projectile"}]},"event":"x3"},"deals_damage":false},{"on_damage":{"filters":{"all_of":[{"test":"has_tag","subject":"other","value":"x4"},{"test":"has_equipment","subject":"other","domain":"hand","value":"coptaine:expander"},{"test":"has_damage","subject":"self","value":"projectile"}]},"event":"x4"},"deals_damage":false},{"on_damage":{"filters":{"all_of":[{"test":"has_tag","subject":"other","value":"x5"},{"test":"has_equipment","subject":"other","domain":"hand","value":"coptaine:expander"},{"test":"has_damage","subject":"self","value":"projectile"}]},"event":"x5"},"deals_damage":false}]}},"events":{"0.1":{"add":{"component_groups":["0.1"]}},"0.2":{"add":{"component_groups":["0.2"]}},"0.3":{"add":{"component_groups":["0.3"]}},"0.4":{"add":{"component_groups":["0.4"]}},"0.5":{"add":{"component_groups":["0.5"]}},"normal":{"add":{"component_groups":["normal"]}},"x2":{"add":{"component_groups":["x2"]}},"x3":{"add":{"component_groups":["x3"]}},"x4":{"add":{"component_groups":["x4"]}},"x5":{"add":{"component_groups":["x5"]}}}}}