{"pools":[{"rolls":1,"entries":[{"type":"item","name":"minecraft:gunpowder","weight":1,"functions":[{"function":"set_count","count":{"min":0,"max":2}},{"function":"looting_enchant","count":{"min":0,"max":1}}]}]},{"conditions":[{"condition":"killed_by_entity","entity_type":"minecraft:skeleton"}],"rolls":1,"entries":[{"type":"item","name":"minecraft:record_13"},{"type":"item","name":"minecraft:record_cat"},{"type":"item","name":"minecraft:record_blocks"},{"type":"item","name":"minecraft:record_chirp"},{"type":"item","name":"minecraft:record_far"},{"type":"item","name":"minecraft:record_mall"},{"type":"item","name":"minecraft:record_mellohi"},{"type":"item","name":"minecraft:record_stal"},{"type":"item","name":"minecraft:record_strad"},{"type":"item","name":"minecraft:record_ward"},{"type":"item","name":"minecraft:record_11"},{"type":"item","name":"minecraft:record_wait"}]},{"conditions":[{"condition":"killed_by_entity","entity_type":"minecraft:stray"}],"rolls":1,"entries":[{"type":"item","name":"minecraft:record_13"},{"type":"item","name":"minecraft:record_cat"},{"type":"item","name":"minecraft:record_blocks"},{"type":"item","name":"minecraft:record_chirp"},{"type":"item","name":"minecraft:record_far"},{"type":"item","name":"minecraft:record_mall"},{"type":"item","name":"minecraft:record_mellohi"},{"type":"item","name":"minecraft:record_stal"},{"type":"item","name":"minecraft:record_strad"},{"type":"item","name":"minecraft:record_ward"},{"type":"item","name":"minecraft:record_11"},{"type":"item","name":"minecraft:record_wait"}]},{"rolls":1,"entries":[{"type":"item","name":"cda002:creeper","weight":1}],"conditions":[{"condition":"killed_by_player"}]}]}