{"pools":[{"rolls":1,"entries":[{"type":"item","name":"minecraft:rotten_flesh","weight":1,"functions":[{"function":"set_count","count":{"min":0,"max":2}},{"function":"looting_enchant","count":{"min":0,"max":1}}]}]},{"conditions":[{"condition":"killed_by_player_or_pets"},{"condition":"random_chance_with_looting","chance":0.11,"looting_multiplier":0.02}],"rolls":1,"entries":[{"type":"item","name":"minecraft:copper_ingot","weight":5}]},{"rolls":1,"entries":[{"type":"item","name":"cda002:drowned","weight":1}],"conditions":[{"condition":"killed_by_player"}]}]}