{"pools":[{"rolls":1,"entries":[{"type":"item","name":"minecraft:leather","weight":1,"functions":[{"function":"set_count","count":{"min":0,"max":2}},{"function":"looting_enchant","count":{"min":0,"max":1}}]}]},{"rolls":1,"entries":[{"type":"item","name":"minecraft:beef","weight":1,"functions":[{"function":"set_count","count":{"min":1,"max":3}},{"function":"furnace_smelt","conditions":[{"condition":"entity_properties","entity":"this","properties":{"on_fire":true}}]},{"function":"looting_enchant","count":{"min":0,"max":1}}]}]},{"rolls":1,"entries":[{"type":"item","name":"cda002:mooshroom","weight":1}],"conditions":[{"condition":"killed_by_player"}]}]}