{"pools":[{"rolls":1,"entries":[{"type":"item","name":"minecraft:fish","weight":3,"functions":[{"function":"set_count","count":{"min":0,"max":2}},{"function":"looting_enchant","count":{"min":0,"max":1}}]}]},{"rolls":1,"entries":[{"type":"item","name":"minecraft:salmon","weight":1,"functions":[{"function":"set_count","count":{"min":0,"max":2}},{"function":"looting_enchant","count":{"min":0,"max":1}}]}]},{"rolls":1,"entries":[{"type":"item","name":"cda002:polar_bear","weight":1}],"conditions":[{"condition":"killed_by_player"}]}]}