{
  "pools": [
    {
        "rolls": 1,
        "entries": [
            {
                "type": "item",
                "name": "minecraft:saddle"
            }
        ],
        "conditions": [
            {
                "condition": "killed_by_player"
            }
        ]
    },
    {
        "rolls": 1,
        "entries": [
            {
                "type": "item",
                "name": "dgmorph:ravager",
                "weight": 1
            }
        ],
        "conditions": [
            {
                "condition": "killed_by_player"
            }
        ]
    }
  ]
}
